Nama Outlet,Periode PO,Email / Tanggal Tukar Faktur,Sisa Tagihan
MS JACKSON,5-Jan-2026 s/d 11-Jan-2026,14-Jan-2026,Rp 995.000
MS JACKSON,12-Jan-2026 s/d 18-Jan-2026,21-Jan-2026,Rp 5.331.100
MS JACKSON,19-Jan-2026 s/d 25-Jan-2026,29-Jan-2026,Rp 3.383.500
MITRA BOGA KREASI PRIMA,26-Jan-2026 s/d 1-Feb-2026,3-Feb-2026,Rp 2.500
BAPAK DAMAR,26-Jan-2026 s/d 1-Feb-2026,3-Feb-2026,Rp 532.000
HOLYCOW BY CHEF AFIT - CIJANTUNG,26-Jan-2026 s/d 1-Feb-2026,3-Feb-2026,Rp 90.000
MS JACKSON,26-Jan-2026 s/d 1-Feb-2026,3-Feb-2026,Rp 3.737.050
DEMIE BAKMIE BINTARO,9-Feb-2026 s/d 15-Feb-2026,18-Feb-2026,Rp 939.800
DEMIE BAKMIE BLOK M,9-Feb-2026 s/d 15-Feb-2026,18-Feb-2026,Rp 1.229.500
DEMIE BAKMIE CENTRAL KITCHEN,9-Feb-2026 s/d 15-Feb-2026,18-Feb-2026,Rp 16.069.640
DEMIE BAKMIE CILANDAK,9-Feb-2026 s/d 15-Feb-2026,18-Feb-2026,Rp 1.907.150
DEMIE BAKMIE KEMANG,9-Feb-2026 s/d 15-Feb-2026,18-Feb-2026,Rp 1.784.800
DEMIE BAKMIE KATERING,9-Feb-2026 s/d 15-Feb-2026,18-Feb-2026,Rp 787.300
DEMIE BAKMIE MARGONDA,9-Feb-2026 s/d 15-Feb-2026,18-Feb-2026,Rp 1.159.950
DEMIE BAKMIE MENTENG,9-Feb-2026 s/d 15-Feb-2026,18-Feb-2026,Rp 2.576.400
DEMIE BAKMIE SENOPATI,9-Feb-2026 s/d 15-Feb-2026,18-Feb-2026,Rp 1.426.900
DEMIE BAKMIE STORE,9-Feb-2026 s/d 15-Feb-2026,18-Feb-2026,Rp 2.640.000
DEMIE BAKMIE TEBET,9-Feb-2026 s/d 15-Feb-2026,18-Feb-2026,Rp 1.631.100
PT MITRABOGA KREASI PRIMA,9-Feb-2026 s/d 15-Feb-2026,10-Feb-2026,Rp 2.500
DEMIE BAKMIE BINTARO,16-Feb-2026 s/d 22-Feb-2026,26-Feb-2026,Rp 1.214.050
DEMIE BAKMIE BLOK M,16-Feb-2026 s/d 22-Feb-2026,26-Feb-2026,Rp 1.892.820
DEMIE BAKMIE CENTRAL KITCHEN,16-Feb-2026 s/d 22-Feb-2026,26-Feb-2026,Rp 32.604.300
DEMIE BAKMIE CILANDAK,16-Feb-2026 s/d 22-Feb-2026,26-Feb-2026,Rp 1.818.800
DEMIE BAKMIE KEMANG,16-Feb-2026 s/d 22-Feb-2026,26-Feb-2026,Rp 3.077.170
DEMIE BAKMIE MARGONDA,16-Feb-2026 s/d 22-Feb-2026,26-Feb-2026,Rp 1.180.700
DEMIE BAKMIE MENTENG,16-Feb-2026 s/d 22-Feb-2026,26-Feb-2026,Rp 3.717.930
DEMIE BAKMIE SENOPATI,16-Feb-2026 s/d 22-Feb-2026,26-Feb-2026,Rp 1.936.640
DEMIE BAKMIE STORE,16-Feb-2026 s/d 22-Feb-2026,26-Feb-2026,Rp 2.340.000
DEMIE BAKMIE TEBET,16-Feb-2026 s/d 22-Feb-2026,26-Feb-2026,Rp 2.370.360
FRESH BOX,16-Feb-2026 s/d 22-Feb-2026,26-Feb-2026,Rp 53.083.400
HOLYCOW BY CHEF AFIT - CITOS,16-Feb-2026 s/d 22-Feb-2026,26-Feb-2026,Rp 40.000
CENTRAL KITCHEN SEINDONESIA KIAT ANANDA,23-Feb-2026 s/d 1-Mar-2026,5-Mar-2026,Rp 2.080
DEMIE BAKMIE BINTARO,23-Feb-2026 s/d 1-Mar-2026,5-Mar-2026,Rp 1.319.690
DEMIE BAKMIE BLOK M,23-Feb-2026 s/d 1-Mar-2026,5-Mar-2026,Rp 1.771.560
DEMIE BAKMIE CENTRAL KITCHEN,23-Feb-2026 s/d 1-Mar-2026,5-Mar-2026,Rp 18.245.500
DEMIE BAKMIE CILANDAK,23-Feb-2026 s/d 1-Mar-2026,5-Mar-2026,Rp 2.311.870
DEMIE BAKMIE KATERING,23-Feb-2026 s/d 1-Mar-2026,5-Mar-2026,Rp 549.000
DEMIE BAKMIE KEMANG,23-Feb-2026 s/d 1-Mar-2026,5-Mar-2026,Rp 2.053.160
DEMIE BAKMIE MARGONDA,23-Feb-2026 s/d 1-Mar-2026,5-Mar-2026,Rp 1.593.700
DEMIE BAKMIE MENTENG,23-Feb-2026 s/d 1-Mar-2026,5-Mar-2026,Rp 4.443.812
DEMIE BAKMIE SENOPATI,23-Feb-2026 s/d 1-Mar-2026,5-Mar-2026,Rp 2.701.060
DEMIE BAKMIE TEBET,23-Feb-2026 s/d 1-Mar-2026,5-Mar-2026,Rp 3.024.500
VIETNAMESE PHO 24 NOODLE,23-Feb-2026 s/d 1-Mar-2026,5-Mar-2026,Rp 1.746.200
FRESH BOX,23-Feb-2026 s/d 1-Mar-2026,5-Mar-2026,Rp 40.601.000
DEMIE BAKMIE BINTARO,2-Mar-2026 s/d 8-Mar-2026,11-Mar-2026,Rp 1.252.490
DEMIE BAKMIE BLOK M,2-Mar-2026 s/d 8-Mar-2026,11-Mar-2026,Rp 1.674.380
DEMIE BAKMIE CENTRAL KITCHEN,2-Mar-2026 s/d 8-Mar-2026,11-Mar-2026,Rp 14.709.400
DEMIE BAKMIE CILANDAK,2-Mar-2026 s/d 8-Mar-2026,11-Mar-2026,Rp 2.317.160
DEMIE BAKMIE KEMANG,2-Mar-2026 s/d 8-Mar-2026,11-Mar-2026,Rp 2.297.700
DEMIE BAKMIE MARGONDA,2-Mar-2026 s/d 8-Mar-2026,11-Mar-2026,Rp 1.537.480
DEMIE BAKMIE MENTENG,2-Mar-2026 s/d 8-Mar-2026,11-Mar-2026,Rp 3.689.600
DEMIE BAKMIE SENOPATI,2-Mar-2026 s/d 8-Mar-2026,11-Mar-2026,Rp 1.995.620
DEMIE BAKMIE TEBET,2-Mar-2026 s/d 8-Mar-2026,11-Mar-2026,Rp 2.213.020
DEMIE BAKMIE KATERING,2-Mar-2026 s/d 8-Mar-2026,11-Mar-2026,Rp 335.000
DEMIE BAKMIE BINTARO,9-Mar-2026 s/d 15-Mar-2026,17-Mar-2026,Rp 917.050
DEMIE BAKMIE BLOK M,9-Mar-2026 s/d 15-Mar-2026,17-Mar-2026,Rp 1.153.400
DEMIE BAKMIE CENTRAL KITCHEN,9-Mar-2026 s/d 15-Mar-2026,17-Mar-2026,Rp 7.896.450
DEMIE BAKMIE CILANDAK,9-Mar-2026 s/d 15-Mar-2026,17-Mar-2026,Rp 1.492.260
DEMIE CATERING,9-Mar-2026 s/d 15-Mar-2026,17-Mar-2026,Rp 220.000
DEMIE BAKMIE KEMANG,9-Mar-2026 s/d 15-Mar-2026,17-Mar-2026,Rp 1.311.100
DEMIE BAKMIE MARGONDA,9-Mar-2026 s/d 15-Mar-2026,17-Mar-2026,Rp 1.050.020
DEMIE BAKMIE MENTENG,9-Mar-2026 s/d 15-Mar-2026,17-Mar-2026,Rp 2.686.800
DEMIE BAKMIE SENOPATI,9-Mar-2026 s/d 15-Mar-2026,17-Mar-2026,Rp 1.226.760
DEMIE BAKMIE TEBET,9-Mar-2026 s/d 15-Mar-2026,17-Mar-2026,Rp 2.136.120
HOLYCOW HERITAGE ARJUNA,16-Mar-2026 s/d 22-Mar-2026,27-Mar-2026,Rp 350
ATSUMARU BAR,23-Mar-2026 s/d 29-Mar-2026,1-Apr-2026,Rp 414.000
ATSUMARU IZAKAYA,23-Mar-2026 s/d 29-Mar-2026,1-Apr-2026,Rp 626.500
DAILY BREAD EPICENTRUM,23-Mar-2026 s/d 29-Mar-2026,1-Apr-2026,Rp 1.076.550
BAPAK DAMAR,30-Mar-2026 s/d 5-Apr-2026,8-Apr-2026,Rp 157.500
DAILY BREAD EPICENTRUM,30-Mar-2026 s/d 5-Apr-2026,8-Apr-2026,Rp 1.019.900
DAILY BREAD TEBET,30-Mar-2026 s/d 5-Apr-2026,8-Apr-2026,Rp 610.750
HOLYCOW BY CHEF AFIT - BEKASI,30-Mar-2026 s/d 5-Apr-2026,8-Apr-2026,Rp 6.331.000
MOOKIE,30-Mar-2026 s/d 5-Apr-2026,8-Apr-2026,Rp 1.364.000
SLICED PIZZA CIBIS,30-Mar-2026 s/d 5-Apr-2026,8-Apr-2026,Rp 445.003
SLICED PIZZA SCBD,30-Mar-2026 s/d 5-Apr-2026,8-Apr-2026,Rp 1.246.500
DAILY BREAD EPICENTRUM,6-Apr-2026 s/d 12-Apr-2026,15-Apr-2026,Rp 1.383.350
DAILY BREAD TEBET,6-Apr-2026 s/d 12-Apr-2026,15-Apr-2026,Rp 398.500
KEDAI MIE TJAP 1000 TAHUN CK BINTARO,6-Apr-2026 s/d 12-Apr-2026,15-Apr-2026,Rp 1.870.200
SLICED PIZZA CIBIS,6-Apr-2026 s/d 12-Apr-2026,15-Apr-2026,Rp 1.378.750
ATSUMARU IZAKAYA,13-Apr-2026 s/d 19-Apr-2026,22-Apr-2026,Rp 4.433.000
DAILY BREAD EPICENTRUM,13-Apr-2026 s/d 19-Apr-2026,22-Apr-2026,Rp 1.869.000
HOLYCOW BY CHEF AFIT - BEKASI,13-Apr-2026 s/d 19-Apr-2026,22-Apr-2026,Rp 7.414.000
KEDAI MIE TJAP 1000 TAHUN CK BINTARO,13-Apr-2026 s/d 19-Apr-2026,22-Apr-2026,Rp 2.628.000
NARASA,13-Apr-2026 s/d 19-Apr-2026,22-Apr-2026,Rp 1.227.800
SLICED PIZZA CIBIS,13-Apr-2026 s/d 19-Apr-2026,22-Apr-2026,Rp 3.541.000
DAILY BREAD EPICENTRUM,20-Apr-2026 s/d 26-Apr-2026,29-Apr-2026,Rp 1.459.450
DAILY BREAD TEBET,20-Apr-2026 s/d 26-Apr-2026,29-Apr-2026,Rp 444.250
MEAT A MEAT STEAK,20-Apr-2026 s/d 26-Apr-2026,29-Apr-2026,Rp 17.500
MIDAZ SENAYAN GOLF,20-Apr-2026 s/d 26-Apr-2026,29-Apr-2026,Rp 45.000
NARASA,20-Apr-2026 s/d 26-Apr-2026,29-Apr-2026,Rp 957.500
SLICED PIZZA CIBIS,20-Apr-2026 s/d 26-Apr-2026,29-Apr-2026,Rp 4.395.850
PT MITRABOGA KREASI PRIMA,27-Apr-2026 s/d 3-May-2026,29-Apr-2026,Rp 2.500
BAPAK DAMAR,27-Apr-2026 s/d 3-May-2026,6-May-2026,Rp 146.250
DAILY BREAD EPICENTRUM,27-Apr-2026 s/d 3-May-2026,6-May-2026,Rp 1.971.440
KEDAI MIE TJAP 1000 TAHUN CK BINTARO,27-Apr-2026 s/d 3-May-2026,6-May-2026,Rp 1.703.400
KENARA CATERING,27-Apr-2026 s/d 3-May-2026,6-May-2026,Rp 678.750
NARASA,27-Apr-2026 s/d 3-May-2026,6-May-2026,Rp 1.108.500
SLICED PIZZA CIBIS,27-Apr-2026 s/d 3-May-2026,6-May-2026,Rp 3.735.500
VIETNAMESE PHO 24 NOODLE,27-Apr-2026 s/d 3-May-2026,6-May-2026,Rp 1.702.000
BAKMIE TAAT,4-May-2026 s/d 10-May-2026,13-May-2026,Rp 157.000
DAILY BREAD EPICENTRUM,4-May-2026 s/d 10-May-2026,13-May-2026,Rp 1.337.950
KEDAI MIE TJAP 1000 TAHUN CK BINTARO,4-May-2026 s/d 10-May-2026,13-May-2026,Rp 2.112.200
SLICED PIZZA CIBIS,4-May-2026 s/d 10-May-2026,13-May-2026,Rp 5.335.500
BAKMIE TAAT,11-May-2026 s/d 17-May-2026,20-May-2026,Rp 235.450
DAILY BREAD EPICENTRUM,11-May-2026 s/d 17-May-2026,20-May-2026,Rp 1.836.156
HOLYCOW BY CHEF AFIT - BEKASI,11-May-2026 s/d 17-May-2026,20-May-2026,Rp 330.000
HOLYCOW BY CHEF AFIT - CIBUBUR,11-May-2026 s/d 17-May-2026,20-May-2026,Rp 150.000
HOLYCOW BY CHEF AFIT - KALIMALANG,11-May-2026 s/d 17-May-2026,20-May-2026,Rp 807.500
HOLYCOW BY CHEF AFIT - KEBON JERUK,11-May-2026 s/d 17-May-2026,20-May-2026,Rp 653.000
HOLYCOW BY CHEF AFIT - MAMPANG,11-May-2026 s/d 17-May-2026,20-May-2026,Rp 385.000
HOLYCOW HERITAGE ARJUNA,11-May-2026 s/d 17-May-2026,20-May-2026,Rp 276.500
KEDAI MIE TJAP 1000 TAHUN CK BINTARO,11-May-2026 s/d 17-May-2026,20-May-2026,Rp 1.036.000
KYO COFFEE JATIWARINGIN,11-May-2026 s/d 17-May-2026,20-May-2026,Rp 3.581.500
NARASA,11-May-2026 s/d 17-May-2026,20-May-2026,Rp 1.403.000
SLICED PIZZA CIBIS,11-May-2026 s/d 17-May-2026,20-May-2026,Rp 5.096.100
PT MITRA BOGA KREASI PRIMA,18-May-2026 s/d 24-May-2026,19-May-2026,Rp 2.500
BAKMIE TAAT,18-May-2026 s/d 24-May-2026,26-May-2026,Rp 184.500
DAILY BREAD EPICENTRUM,18-May-2026 s/d 24-May-2026,26-May-2026,Rp 438.000
HOLYCOW BY CHEF AFIT - BINTARO,18-May-2026 s/d 24-May-2026,26-May-2026,Rp 642.000
HOLYCOW BY CHEF AFIT - CIBUBUR,18-May-2026 s/d 24-May-2026,26-May-2026,Rp 361.000
HOLYCOW BY CHEF AFIT - CITOS,18-May-2026 s/d 24-May-2026,26-May-2026,Rp 330.000
HOLYCOW BY CHEF AFIT - FOODTRUCK,18-May-2026 s/d 24-May-2026,26-May-2026,Rp 264.000
HOLYCOW BY CHEF AFIT - GADING SERPONG,18-May-2026 s/d 24-May-2026,26-May-2026,Rp 506.000
HOLYCOW BY CHEF AFIT - KALIBATA CITY,18-May-2026 s/d 24-May-2026,26-May-2026,Rp 320.000
HOLYCOW BY CHEF AFIT - KALIMALANG,18-May-2026 s/d 24-May-2026,26-May-2026,Rp 428.000
HOLYCOW BY CHEF AFIT - KEBON JERUK,18-May-2026 s/d 24-May-2026,26-May-2026,Rp 377.250
HOLYCOW BY CHEF AFIT - KELAPA GADING,18-May-2026 s/d 24-May-2026,26-May-2026,Rp 165.000
HOLYCOW BY CHEF AFIT - MAMPANG,18-May-2026 s/d 24-May-2026,26-May-2026,Rp 807.000
HOLYCOW BY CHEF AFIT - PIK,18-May-2026 s/d 24-May-2026,26-May-2026,Rp 330.000
HOLYCOW BY CHEF AFIT - WOLTER,18-May-2026 s/d 24-May-2026,26-May-2026,Rp 606.000
HOLYCOW HERITAGE ARJUNA,18-May-2026 s/d 24-May-2026,26-May-2026,Rp 608.500
KEDAI MIE TJAP 1000 TAHUN BINTARO,18-May-2026 s/d 24-May-2026,26-May-2026,Rp 329.500
KEDAI MIE TJAP 1000 TAHUN CK BINTARO,18-May-2026 s/d 24-May-2026,26-May-2026,Rp 4.075.300
KEDAI MIE TJAP 1000 TAHUN SCBD,18-May-2026 s/d 24-May-2026,26-May-2026,Rp 564.500
KEDAI MIE TJAP 1000 TAHUN Senopati,18-May-2026 s/d 24-May-2026,26-May-2026,Rp 407.500
KYO COFFEE JATIWARINGIN,18-May-2026 s/d 24-May-2026,26-May-2026,Rp 4.971.500
MIDAZ SENAYAN GOLF,18-May-2026 s/d 24-May-2026,26-May-2026,Rp 4.352.000
MOOKIE,18-May-2026 s/d 24-May-2026,26-May-2026,Rp 2.107.000
NARASA,18-May-2026 s/d 24-May-2026,26-May-2026,Rp 1.024.500
SIMPANG RAYA,18-May-2026 s/d 24-May-2026,26-May-2026,Rp 7.689.000
SLICED PIZZA CIBIS,18-May-2026 s/d 24-May-2026,26-May-2026,Rp 3.349.800
SLICED PIZZA PONDOK PINANG,18-May-2026 s/d 24-May-2026,26-May-2026,Rp 1.211.350
SLICED PIZZA SCBD,18-May-2026 s/d 24-May-2026,26-May-2026,Rp 1.584.100
BAKMIE TAAT,25-May-2026 s/d 31-May-2026,3-Jun-2026,Rp 310.500
BRIZOLA RESTAURANT,25-May-2026 s/d 31-May-2026,3-Jun-2026,Rp 809.000
CENTRAL KITCHEN SEINDONESIA KIAT ANANDA,25-May-2026 s/d 31-May-2026,3-Jun-2026,Rp 67.220.000
HOLYCOW BY CHEF AFIT - ALAM SUTERA,25-May-2026 s/d 31-May-2026,3-Jun-2026,Rp 347.000
HOLYCOW BY CHEF AFIT - BATU TULIS,25-May-2026 s/d 31-May-2026,3-Jun-2026,Rp 1.105.500
HOLYCOW BY CHEF AFIT - BINTARO,25-May-2026 s/d 31-May-2026,3-Jun-2026,Rp 160.000
HOLYCOW BY CHEF AFIT - CIBUBUR,25-May-2026 s/d 31-May-2026,3-Jun-2026,Rp 480.000
HOLYCOW BY CHEF AFIT - CITOS,25-May-2026 s/d 31-May-2026,3-Jun-2026,Rp 578.000
HOLYCOW BY CHEF AFIT - FOODTRUCK,25-May-2026 s/d 31-May-2026,3-Jun-2026,Rp 480.000
HOLYCOW BY CHEF AFIT - GADING SERPONG,25-May-2026 s/d 31-May-2026,3-Jun-2026,Rp 160.000
HOLYCOW BY CHEF AFIT - KALIBATA CITY,25-May-2026 s/d 31-May-2026,3-Jun-2026,Rp 325.000
HOLYCOW BY CHEF AFIT - KALIMALANG,25-May-2026 s/d 31-May-2026,3-Jun-2026,Rp 800.000
HOLYCOW BY CHEF AFIT - KELAPA GADING,25-May-2026 s/d 31-May-2026,3-Jun-2026,Rp 320.000
HOLYCOW BY CHEF AFIT - PIK,25-May-2026 s/d 31-May-2026,3-Jun-2026,Rp 480.000
HOLYCOW BY CHEF AFIT - WOLTER,25-May-2026 s/d 31-May-2026,3-Jun-2026,Rp 320.000
HOLYCOW HERITAGE ARJUNA,25-May-2026 s/d 31-May-2026,3-Jun-2026,Rp 149.500
KEDAI MIE TJAP 1000 TAHUN BINTARO,25-May-2026 s/d 31-May-2026,3-Jun-2026,Rp 484.000
KEDAI MIE TJAP 1000 TAHUN CK BINTARO,25-May-2026 s/d 31-May-2026,3-Jun-2026,Rp 2.650.660
KEDAI MIE TJAP 1000 TAHUN SCBD,25-May-2026 s/d 31-May-2026,3-Jun-2026,Rp 186.500
KEDAI MIE TJAP 1000 TAHUN Senopati,25-May-2026 s/d 31-May-2026,3-Jun-2026,Rp 502.500
KYO COFFEE ASTHA,25-May-2026 s/d 31-May-2026,3-Jun-2026,Rp 67.000
KYO COFFEE JATIWARINGIN,25-May-2026 s/d 31-May-2026,3-Jun-2026,Rp 3.853.000
MIDAZ SENAYAN GOLF,25-May-2026 s/d 31-May-2026,3-Jun-2026,Rp 610.000
SLICED PIZZA CIBIS,25-May-2026 s/d 31-May-2026,3-Jun-2026,Rp 4.480.000
SLICED PIZZA SCBD,25-May-2026 s/d 31-May-2026,3-Jun-2026,Rp 394.100
VIETNAMESE PHO 24 NOODLE,25-May-2026 s/d 31-May-2026,3-Jun-2026,Rp 2.141.000
BAKMIE TAAT,1-Jun-2026 s/d 7-Jun-2026,8-Jun-2026,Rp 157.000
BRIZOLA RESTAURANT,1-Jun-2026 s/d 7-Jun-2026,8-Jun-2026,Rp 1.945.250
CENTRAL KITCHEN SEINDONESIA KIAT ANANDA,1-Jun-2026 s/d 7-Jun-2026,8-Jun-2026,Rp 148.630.000
HOLYCOW BY CHEF AFIT - ALAM SUTERA,1-Jun-2026 s/d 7-Jun-2026,8-Jun-2026,Rp 462.000
HOLYCOW BY CHEF AFIT - BINTARO,1-Jun-2026 s/d 7-Jun-2026,8-Jun-2026,Rp 480.000
HOLYCOW BY CHEF AFIT - CIBUBUR,1-Jun-2026 s/d 7-Jun-2026,8-Jun-2026,Rp 794.000
HOLYCOW BY CHEF AFIT - CITOS,1-Jun-2026 s/d 7-Jun-2026,8-Jun-2026,Rp 1.190.000
HOLYCOW BY CHEF AFIT - FOODTRUCK,1-Jun-2026 s/d 7-Jun-2026,8-Jun-2026,Rp 145.000
HOLYCOW BY CHEF AFIT - KALIBATA CITY,1-Jun-2026 s/d 7-Jun-2026,8-Jun-2026,Rp 145.000
HOLYCOW BY CHEF AFIT - KALIMALANG,1-Jun-2026 s/d 7-Jun-2026,8-Jun-2026,Rp 375.000
HOLYCOW BY CHEF AFIT - KEBON JERUK,1-Jun-2026 s/d 7-Jun-2026,8-Jun-2026,Rp 671.750
HOLYCOW BY CHEF AFIT - KELAPA GADING,1-Jun-2026 s/d 7-Jun-2026,8-Jun-2026,Rp 300.000
HOLYCOW BY CHEF AFIT - MAMPANG,1-Jun-2026 s/d 7-Jun-2026,8-Jun-2026,Rp 698.500
HOLYCOW BY CHEF AFIT - PIK,1-Jun-2026 s/d 7-Jun-2026,8-Jun-2026,Rp 503.500
HOLYCOW BY CHEF AFIT - WOLTER,1-Jun-2026 s/d 7-Jun-2026,8-Jun-2026,Rp 1.019.000
HOLYCOW HERITAGE ARJUNA,1-Jun-2026 s/d 7-Jun-2026,8-Jun-2026,Rp 575.000
KEDAI MIE TJAP 1000 TAHUN BINTARO,1-Jun-2026 s/d 7-Jun-2026,8-Jun-2026,Rp 294.500
KEDAI MIE TJAP 1000 TAHUN CK BINTARO,1-Jun-2026 s/d 7-Jun-2026,8-Jun-2026,Rp 5.191.780
KEDAI MIE TJAP 1000 TAHUN Senopati,1-Jun-2026 s/d 7-Jun-2026,8-Jun-2026,Rp 891.000
KYO COFFEE JATIWARINGIN,1-Jun-2026 s/d 7-Jun-2026,8-Jun-2026,Rp 3.969.500
MIDAZ SENAYAN GOLF,1-Jun-2026 s/d 7-Jun-2026,8-Jun-2026,Rp 6.098.000
MOOKIE,1-Jun-2026 s/d 7-Jun-2026,8-Jun-2026,Rp 1.565.700
SHOTS COFFEE,1-Jun-2026 s/d 7-Jun-2026,8-Jun-2026,Rp 12.093.000
SIMPANG RAYA,1-Jun-2026 s/d 7-Jun-2026,8-Jun-2026,Rp 4.565.000
SLICED PIZZA BINTARO,1-Jun-2026 s/d 7-Jun-2026,8-Jun-2026,Rp 734.200
SLICED PIZZA BLOK M,1-Jun-2026 s/d 7-Jun-2026,8-Jun-2026,Rp 2.017.400
SLICED PIZZA CIBIS,1-Jun-2026 s/d 7-Jun-2026,8-Jun-2026,Rp 2.970.000
SLICED PIZZA PONDOK PINANG,1-Jun-2026 s/d 7-Jun-2026,8-Jun-2026,Rp 1.165.750
SLICED PIZZA SCBD,1-Jun-2026 s/d 7-Jun-2026,8-Jun-2026,Rp 643.200
VIETNAMESE PHO 24 NOODLE,1-Jun-2026 s/d 7-Jun-2026,8-Jun-2026,Rp 3.139.000
BAKMIE TAAT,8-Jun-2026 s/d 14-Jun-2026,17-Jun-2026,Rp 126.500
BRIZOLA RESTAURANT,8-Jun-2026 s/d 14-Jun-2026,17-Jun-2026,Rp 1.360.000
CENTRAL KITCHEN SEINDONESIA KIAT ANANDA,8-Jun-2026 s/d 14-Jun-2026,17-Jun-2026,Rp 93.015.000
CENTRAL KITCHEN SEINDONESIA CIBINONG,8-Jun-2026 s/d 14-Jun-2026,17-Jun-2026,Rp 1.440.000
HOLYCOW BY CHEF AFIT - ALAM SUTERA,8-Jun-2026 s/d 14-Jun-2026,17-Jun-2026,Rp 435.000
HOLYCOW BY CHEF AFIT - BATU TULIS,8-Jun-2026 s/d 14-Jun-2026,17-Jun-2026,Rp 290.000
HOLYCOW BY CHEF AFIT - BINTARO,8-Jun-2026 s/d 14-Jun-2026,17-Jun-2026,Rp 326.500
HOLYCOW BY CHEF AFIT - CITOS,8-Jun-2026 s/d 14-Jun-2026,17-Jun-2026,Rp 517.000
HOLYCOW BY CHEF AFIT - FOODTRUCK,8-Jun-2026 s/d 14-Jun-2026,17-Jun-2026,Rp 87.000
HOLYCOW BY CHEF AFIT - GADING SERPONG,8-Jun-2026 s/d 14-Jun-2026,17-Jun-2026,Rp 297.800
HOLYCOW BY CHEF AFIT - KALIBATA CITY,8-Jun-2026 s/d 14-Jun-2026,17-Jun-2026,Rp 171.000
HOLYCOW BY CHEF AFIT - KALIMALANG,8-Jun-2026 s/d 14-Jun-2026,17-Jun-2026,Rp 539.000
HOLYCOW BY CHEF AFIT - KEBON JERUK,8-Jun-2026 s/d 14-Jun-2026,17-Jun-2026,Rp 1.029.000
HOLYCOW BY CHEF AFIT - KELAPA GADING,8-Jun-2026 s/d 14-Jun-2026,17-Jun-2026,Rp 217.000
HOLYCOW BY CHEF AFIT - MAMPANG,8-Jun-2026 s/d 14-Jun-2026,17-Jun-2026,Rp 636.000
HOLYCOW BY CHEF AFIT - PIK,8-Jun-2026 s/d 14-Jun-2026,17-Jun-2026,Rp 145.000
HOLYCOW HERITAGE ARJUNA,8-Jun-2026 s/d 14-Jun-2026,17-Jun-2026,Rp 355.750
KEDAI MIE TJAP 1000 TAHUN BINTARO,8-Jun-2026 s/d 14-Jun-2026,17-Jun-2026,Rp 1.590.000
KEDAI MIE TJAP 1000 TAHUN CK BINTARO,8-Jun-2026 s/d 14-Jun-2026,17-Jun-2026,Rp 897.000
KEDAI MIE TJAP 1000 TAHUN Senopati,8-Jun-2026 s/d 14-Jun-2026,17-Jun-2026,Rp 2.057.000
KYO COFFEE ASTHA,8-Jun-2026 s/d 14-Jun-2026,17-Jun-2026,Rp 43.000
KYO COFFEE JATIWARINGIN,8-Jun-2026 s/d 14-Jun-2026,17-Jun-2026,Rp 3.423.000
MIDAZ SENAYAN GOLF,8-Jun-2026 s/d 14-Jun-2026,17-Jun-2026,Rp 6.158.000
MOOKIE,8-Jun-2026 s/d 14-Jun-2026,17-Jun-2026,Rp 2.871.300
PEPR BURGER SENAYAN,8-Jun-2026 s/d 14-Jun-2026,17-Jun-2026,Rp 1.818.000
PEPR BURGER UF CIPETE,8-Jun-2026 s/d 14-Jun-2026,17-Jun-2026,Rp 1.399.424
RIVARENO PLAZA SENAYAN,8-Jun-2026 s/d 14-Jun-2026,17-Jun-2026,Rp 424.000
RIVARENO URBAN FOREST CIPETE,8-Jun-2026 s/d 14-Jun-2026,17-Jun-2026,Rp 751.000
SHOTS COFFEE,8-Jun-2026 s/d 14-Jun-2026,17-Jun-2026,Rp 10.933.000
SLICED PIZZA BINTARO,8-Jun-2026 s/d 14-Jun-2026,17-Jun-2026,Rp 730.200
SLICED PIZZA BLOK M,8-Jun-2026 s/d 14-Jun-2026,17-Jun-2026,Rp 1.767.000
SLICED PIZZA CIBIS,8-Jun-2026 s/d 14-Jun-2026,17-Jun-2026,Rp 4.316.800
SLICED PIZZA PONDOK PINANG,8-Jun-2026 s/d 14-Jun-2026,17-Jun-2026,Rp 522.700
SLICED PIZZA SCBD,8-Jun-2026 s/d 14-Jun-2026,17-Jun-2026,Rp 1.365.500
THE HALAL GUYS SMB,8-Jun-2026 s/d 14-Jun-2026,17-Jun-2026,Rp 1.517.882
VIETNAMESE PHO 24 NOODLE,8-Jun-2026 s/d 14-Jun-2026,17-Jun-2026,Rp 1.451.000
