REKAP BELANJA DISMA JUNI 2026,,,,,,,,,,,,,,,,,
,,,,,,,,,,,,,,,,,
NO,TANGGAL,NAMA BARANG,QUANTITY,,HARGA TOTAL,HARGA SATUAN,SUPPLIER,PAYMENT,TGL BAYAR,INV,,,,,,,
1,01/06/26,HEAD LETTUCE,  5.00 ,Kg," Rp 150,000 "," Rp 30,000 ",,,,,BAGJA,"  2,306,500 ",PASAR,,,,
2,01/06/26,KABOCHA ORANGE,  30.00 ,Kg," Rp 600,000 "," Rp 20,000 ",,,,,,"  1,062,000 ",TOKO ERNI,,,,
3,01/06/26,PARSLEY,  0.50 ,Kg," Rp 50,000 "," Rp 100,000 ",,,,,,"  252,000 ",TCO,,,,
4,01/06/26,THYME FRESH,  0.50 ,Kg," Rp 100,000 "," Rp 200,000 ",,,,,,"  152,000 ",TCL,,,,
5,01/06/26,TOMATO BEEF,  1.00 ,Kg," Rp 40,000 "," Rp 40,000 ",,,,,,"  30,000 ",BENSIN MOTOR,,,,
6,01/06/26,BAWANG MERAH BESAR,  1.00 ,Kg," Rp 45,000 "," Rp 45,000 ",,,,,,"  25,000 ",BENSIN MOTOR BAGJA,,,,
7,01/06/26,CABAI RAWIT MERAH,  1.00 ,Kg," Rp 60,000 "," Rp 60,000 ",,,,,,"  20,000 ",PARKIR,,,,
8,01/06/26,THINWALL SAUCE CUP @25ML,  13.00 ,Pack," Rp 143,000 "," Rp 11,000 ",,,,,,,,,,,
9,01/06/26,RAGI INSTAN @500GR,  3.00 ,Pack," Rp 165,000 "," Rp 55,000 ",,,,,"  1,500,000 ","  3,847,500 ","  -2,347,500 ",UANG BAGJA√  ,,,
10,01/06/26,DETERGEN RINSO @1.4KG,  1.00 ,Pack," Rp 42,000 "," Rp 42,000 ",,,,,,,,,,,
11,01/06/26,BERAS PERA BMW @5KG,  1.00 ,Krg," Rp 99,500 "," Rp 99,500 ",,,,,,,,,,,
12,01/06/26,SANREMO FETTUCINI PASTA @500GR,  4.00 ,Pack," Rp 96,000 "," Rp 24,000 ",,,,,RIFAI,"  150,000 ",BENSIN,,,,
13,01/06/26,JAMUR CHAMPIGNON,  7.00 ,Kg," Rp 280,000 "," Rp 40,000 ",,,,,,"  102,000 ",E-TOLL,,,,
14,01/06/26,BASIL,  0.20 ,Kg," Rp 20,000 "," Rp 100,000 ",,,,,,"  6,000 ",PARKIR,,,,
15,01/06/26,PLASTIK SAMPAH HITAM HD 60X100,  7.00 ,Pack," Rp 77,000 "," Rp 11,000 ",,,,,,,,,,,
16,01/06/26,KANTONG PLASTIK PUTIH SIZE 35,  7.00 ,Pack," Rp 152,000 "," Rp 21,714 ",,,,,"  252,000 ","  258,000 ","  -6,000 ",UANG RIFAI√  ,,,
17,01/06/26,SELADA AIR,  0.10 ,Kg," Rp 5,000 "," Rp 50,000 ",,,,,,,,,,,
18,01/06/26,KYURI,  0.50 ,Kg," Rp 10,000 "," Rp 20,000 ",,,,,,,,,,,
19,01/06/26,ROSEMARY FRESH,  0.50 ,Kg," Rp 18,000 "," Rp 36,000 ",,,,,PAK IFAN,"  100,000 ",BENSIN,,,,
20,01/06/26,PLASTIK SEGITIGA (PEPING BAG),  1.00 ,Pack," Rp 10,000 "," Rp 10,000 ",,,,,,"  52,000 ",E-TOLL,,,,
21,01/06/26,PLASTIK KANTONG PUTIH UK 50,  3.00 ,Pack," Rp 144,000 "," Rp 48,000 ",,,,,,,,,,,
22,01/06/26,BAYCLIN @1000ML,  1.00 ,Btl," Rp 20,000 "," Rp 20,000 ",TOKO ERNI,BAGJA CASH,,,"  152,000 ","  152,000 ",,,,,
23,01/06/26,SASA TEPUNG KENTUCKY @850GR,  5.00 ,Pack," Rp 100,000 "," Rp 20,000 ",TOKO ERNI,BAGJA CASH,,,,,,,,,
24,01/06/26,SO KLIN LANTAI @800ML,  5.00 ,Pack," Rp 70,000 "," Rp 14,000 ",TOKO ERNI,BAGJA CASH,,,,,,,,,
25,01/06/26,BAWANG PUTIH KUPAS,  1.00 ,Kg," Rp 28,000 "," Rp 28,000 ",TOKO ERNI,BAGJA CASH,,,BAGUS,"  54,000 ",GOLDENFILL CHOCO CRUNCHY 1 PACK,,,,
26,01/06/26,DELMONTE SAUCE SAMBAL SACHET @8GR ISI 24PCS,  84.00 ,Pack," Rp 592,000 "," Rp 7,048 ",TOKO ERNI,BAGJA CASH,,,,"  2,000 ",PARKIR ,,,,
27,01/06/26,CABAI MERAH KERING BESAR,  0.50 ,Kg," Rp 43,000 "," Rp 86,000 ",TOKO ERNI,BAGJA CASH,,,,"  50,000 ",GALON 5 PCS,,,,
28,01/06/26,MAIZENAKU @1KG,  2.00 ,Pack," Rp 44,000 "," Rp 22,000 ",TOKO ERNI,BAGJA CASH,,,,"  300,000 ",IURAN SAMPAH BULAN JUNI'26,,,,
29,01/06/26,TABASCO @60ML,  3.00 ,Btl," Rp 165,000 "," Rp 55,000 ",TOKO ERNI,BAGJA CASH,,,,,,,,,
30,01/06/26,BAWANG MERAH KUPAS,  120.00 ,Kg," Rp 6,600,000 "," Rp 55,000 ",KEVIN,TRANSFER,06-Jun,,"  500,000 ","  406,000 ","  94,000 ",CASH√  ,,,
31,01/06/26,BABY BUNCIS,  107.00 ,Kg," Rp 2,675,000 "," Rp 25,000 ",AA DADI,TRANSFER,02-Jun,,,,,,,,
32,01/06/26,DAUN BAWANG,  120.00 ,Kg," Rp 1,500,000 "," Rp 12,500 ",AA DADI,TRANSFER,02-Jun,,,,,,,,
33,01/06/26,CABAI MERAH KERITING PETIK,  107.00 ,Kg," Rp 5,885,000 "," Rp 55,000 ",PESEK,TRANSFER,09-Jun,,,,,,,,
34,01/06/26,JAMUR CHAMPIGNON,  5.00 ,Kg," Rp 180,000 "," Rp 36,000 ",DELTAFOOD,TRANSFER,01-Jun,,,,,,,,
35,01/06/26,TELUR AYAM NEGERI,  15.00 ,Kg," Rp 375,000 "," Rp 25,000 ",SAFIRA,TRANSFER,01-Jun,,,,,,,,
36,01/06/26,DAGING GILING REGULAR,  22.00 ,Kg," Rp 1,985,500 "," Rp 90,250 ",HIJRAHFOOD,TRANSFER,01-Jun,,,,,,,,
37,01/06/26,MAMASUKA MAYONAISE @1KG,  10.00 ,Pack," Rp 501,200 "," Rp 50,120 ",SHOPEE,TRANSFER,01-Jun,,,,,,,,
38,01/06/26,MAESTRO MUSTARD @1KG,  5.00 ,Pack," Rp 339,700 "," Rp 67,940 ",SHOPEE,TRANSFER,01-Jun,,,,,,,,
39,01/06/26,TISSUE LIVI MULTIFOLD,  24.00 ,Pack," Rp 187,599 "," Rp 7,817 ",SHOPEE,TRANSFER,01-Jun,,,,,,,,
40,01/06/26,TISSUE LIVI KOTAK @150 LBR,  60.00 ,Pack," Rp 207,690 "," Rp 3,462 ",SHOPEE,TRANSFER,01-Jun,,,,,,,,
41,01/06/26,TISSUE PLENTY KITCHEN TOWEL ROLLS @2PCS,  24.00 ,Pack," Rp 327,200 "," Rp 13,633 ",SHOPEE,TRANSFER,01-Jun,,,,,,,,
42,01/06/26,SAGU TANI LIAUW LIONG PIT @1KG,  10.00 ,Pack," Rp 339,800 "," Rp 33,980 ",SHOPEE,TRANSFER,01-Jun,,,,,,,,
43,01/06/26,SUMPIT BAMBU @50PCS,  50.00 ,Pack," Rp 346,951 "," Rp 6,939 ",SHOPEE,TRANSFER,01-Jun,,,,,,,,
44,01/06/26,GOLDENFILL CHOCOCRUNCHY@1KG,  1.00 ,Pack," Rp 54,000 "," Rp 54,000 ",BAKING LAND,BAGUS CASH,,,,,,,,,
,,,,,,#DIV/0!,,,,,,,,,,,
45,02/06/26,AYAM UTUH KRAKAS,  2.00 ,Kg," Rp 70,000 "," Rp 35,000 ",,,,,BAGJA,"  1,925,000 ",PASAR,,,,
46,02/06/26,BABY PAKCOY,  2.00 ,Kg," Rp 30,000 "," Rp 15,000 ",,,,,,"  2,946,000 ",TOKO ERNI,,,,
47,02/06/26,BABY ROMAIN LETTUCE,  0.50 ,Kg," Rp 15,000 "," Rp 30,000 ",,,,,,"  48,000 ",PLASTIK PACKING BUNCIS 5 KG,,,,
48,02/06/26,BASIL,  0.70 ,Kg," Rp 70,000 "," Rp 100,000 ",,,,,,"  48,000 ",PLASTIK PACKING BUNCIS 10 KG,,,,
49,02/06/26,BAWANG BOMBAY MERAH,  11.00 ,Kg," Rp 330,000 "," Rp 30,000 ",,,,,,"  16,000 ",PLASTIK PACKING,,,,
50,02/06/26,BAWANG MERAH KUPAS,  2.00 ,Kg," Rp 116,000 "," Rp 58,000 ",,,,,,"  305,000 ",TCL,,,,
51,02/06/26,DAUN BAWANG,  0.10 ,Kg," Rp 2,000 "," Rp 20,000 ",,,,,,"  202,000 ",TCO,,,,
52,02/06/26,DAUN JERUK,  0.20 ,Kg," Rp 16,000 "," Rp 80,000 ",,,,,,"  35,000 ",MOTOR,,,,
53,02/06/26,DAUN PISANG,  3.00 ,Kg," Rp 24,000 "," Rp 8,000 ",,,,,,"  93,000 ",LALAMOVE BELANJAAN CIKINI,,,,
54,02/06/26,DAUN SALAM ,  0.10 ,Kg," Rp 2,000 "," Rp 20,000 ",,,,,,"  30,000 ",KULI,,,,
55,02/06/26,KOL PUTIH,  3.00 ,Kg," Rp 25,000 "," Rp 8,333 ",,,,,,"  30,000 ",PARKIR,,,,
56,02/06/26,LEMON LOKAL CALIFORNIA ,  12.00 ,Kg," Rp 300,000 "," Rp 25,000 ",,,,,,"  30,000 ",BENSIN BAGJA,,,,
57,02/06/26,LENGKOAS,  1.00 ,Kg," Rp 18,000 "," Rp 18,000 ",,,,,,,,,,,
58,02/06/26,LOBAK,  0.50 ,Kg," Rp 8,000 "," Rp 16,000 ",,,,,"  6,000,000 ","  5,708,000 ","  292,000 ",TRF√  ,,,
59,02/06/26,PAPRIKA HIJAU,  1.00 ,Kg," Rp 70,000 "," Rp 70,000 ",,,,,,,,,,,
60,02/06/26,RAGI INSTAN FERMIPAN @500GR,  1.00 ,Pack," Rp 55,000 "," Rp 55,000 ",,,,,PAK IFAN,"  100,000 ",BENSIN,,,,
61,02/06/26,SANTAN KELAPA,  6.00 ,Ltr," Rp 78,000 "," Rp 13,000 ",,,,,,"  102,000 ",E-TOLL,,,,
62,02/06/26,SEREH,  1.50 ,Kg," Rp 27,000 "," Rp 18,000 ",,,,,,"  60,000 ",BAWANG MERAH KUPAS 1 KG,,,,
63,02/06/26,TOMAT MERAH,  2.00 ,Kg," Rp 30,000 "," Rp 15,000 ",,,,,,"  25,000 ",GOJEK,,,,
64,02/06/26,WORTEL BABY,  0.50 ,Kg," Rp 9,000 "," Rp 18,000 ",,,,,,"  5,000 ",PARKIR,,,,
65,02/06/26,WORTEL BERASTAGI,  2.00 ,Kg," Rp 30,000 "," Rp 15,000 ",,,,,,,,,,,
66,02/06/26,DAGING SENGKEL SAPI,  4.00 ,Kg," Rp 600,000 "," Rp 150,000 ",,,,,"202,000 DARI BAGJA",,,,,,
67,02/06/26,ABC KECAP MANIS,  1.00 ,Jrg," Rp 155,000 "," Rp 155,000 ",TOKO ERNI,BAGJA CASH,,,"100,000 TRF KANTOR",,,,,,
68,02/06/26,AJINOMOTO @1000GR,  12.00 ,Pack," Rp 535,000 "," Rp 44,583 ",TOKO ERNI,BAGJA CASH,,,"  302,000 ","  292,000 ","  10,000 ",CASH√  ,,,
69,02/06/26,BAWANG BOMBAY,  19.00 ,Kg," Rp 320,000 "," Rp 16,842 ",TOKO ERNI,BAGJA CASH,,,,,,,,,
70,02/06/26,BAWANG PUTIH KUPAS,  15.00 ,Kg," Rp 420,000 "," Rp 28,000 ",TOKO ERNI,BAGJA CASH,,,,,,,,,
71,02/06/26,EBI DAGING TANPA KULIT,  0.13 ,Kg," Rp 15,000 "," Rp 120,000 ",TOKO ERNI,BAGJA CASH,,,RIFAI,"  150,000 ",BENSIN,,,,
72,02/06/26,GULA BATU PUTIH @500GR ,  5.00 ,Pack," Rp 75,000 "," Rp 15,000 ",TOKO ERNI,BAGJA CASH,,,,"  152,000 ",E-TOLL,,,,
73,02/06/26,KECAP ASIN HATI ANGSA @600ML ,  12.00 ,Btl," Rp 225,000 "," Rp 18,750 ",TOKO ERNI,BAGJA CASH,,,,"  6,000 ",PARKIR,,,,
74,02/06/26,KEMIRI,  2.50 ,Kg," Rp 110,000 "," Rp 44,000 ",TOKO ERNI,BAGJA CASH,,,,,,,,,
75,02/06/26,LADA PUTIH HALUS @250GR,  4.00 ,Pack," Rp 160,000 "," Rp 40,000 ",TOKO ERNI,BAGJA CASH,,,"  302,000 ","  308,000 ","  -6,000 ",UANG RIFAI√  ,,,
76,02/06/26,LEE KUM KEE KECAP HITAM DARK SOY @500 ML ,  1.00 ,Btl," Rp 40,000 "," Rp 40,000 ",TOKO ERNI,BAGJA CASH,,,,,,,,,
77,02/06/26,LEE KUM KEE SAUS TIRAM 2.2KG,  2.00 ,Can," Rp 220,000 "," Rp 110,000 ",TOKO ERNI,BAGJA CASH,,,,,,,,,
78,02/06/26,MAIZENAKU @1 KG,  3.00 ,Pack," Rp 66,000 "," Rp 22,000 ",TOKO ERNI,BAGJA CASH,,,,,,,,,
79,02/06/26,MINYAK WIJEN OH GUAN HING @600ML,  6.00 ,Btl," Rp 258,000 "," Rp 43,000 ",TOKO ERNI,BAGJA CASH,,,,,,,,,
80,02/06/26,ROYCO AYAM @1KG,  3.00 ,Pack," Rp 120,000 "," Rp 40,000 ",TOKO ERNI,BAGJA CASH,,,,,,,,,
81,02/06/26,SODA KUE KOEPOE2 @1KG,  1.00 ,Pack," Rp 45,000 "," Rp 45,000 ",TOKO ERNI,BAGJA CASH,,,,,,,,,
82,02/06/26,TEPUNG CAKRA KEMBAR @1KG,  3.00 ,Krg," Rp 42,000 "," Rp 14,000 ",TOKO ERNI,BAGJA CASH,,,,,,,,,
83,02/06/26,TEPUNG SEGITIGA BIRU @1 KG,  12.00 ,Pack," Rp 140,000 "," Rp 11,667 ",TOKO ERNI,BAGJA CASH,,,,,,,,,
84,02/06/26,KENTANG DIENG AL (1-4 PCS),  65.00 ,Kg," Rp 1,105,000 "," Rp 17,000 ",SUMINTO,TRANSFER,,,,,,,,,
85,02/06/26,BAWANG MERAH KUPAS,  120.00 ,Kg," Rp 6,600,000 "," Rp 55,000 ",KEVIN,TRANSFER,06-Jun,,,,,,,,
86,02/06/26,DAUN BAWANG,  110.00 ,Kg," Rp 1,375,000 "," Rp 12,500 ",AA DADI,TRANSFER,04-Jun,,,,,,,,
87,02/06/26,CABAI MERAH KERITING PETIK,  152.00 ,Kg," Rp 8,360,000 "," Rp 55,000 ",PESEK,TRANSFER,09-Jun,,,,,,,,
88,02/06/26,JAMUR CHAMPIGNON,  31.00 ,Kg," Rp 1,116,000 "," Rp 36,000 ",DELTAFOOD,TRANSFER,02-Jun,,,,,,,,
89,02/06/26,CABAI HIJAU BESAR PETIK,  5.00 ,Kg," Rp 165,000 "," Rp 33,000 ",ALDIANSYAH,TRANSFER,,,,,,,,,
90,02/06/26,CABAI MERAH BESAR PETIK,  8.00 ,Kg," Rp 720,000 "," Rp 90,000 ",ALDIANSYAH,TRANSFER,,,,,,,,,
91,02/06/26,CABAI MERAH KERITING PETIK,  6.00 ,Kg," Rp 450,000 "," Rp 75,000 ",ALDIANSYAH,TRANSFER,,,,,,,,,
92,02/06/26,CABAI RAWIT MERAH PETIK,  15.00 ,Kg," Rp 1,425,000 "," Rp 95,000 ",ALDIANSYAH,TRANSFER,,,,,,,,,
93,02/06/26,TELUR AYAM NEGERI,  15.00 ,Kg," Rp 370,000 "," Rp 24,667 ",SAFIRA,TRANSFER,02-Jun,,,,,,,,
94,02/06/26,BUMBU MALA HOT POT KOKI JEMPOL@1KG,  1.00 ,Pack," Rp 124,085 "," Rp 124,085 ",SHOPEE,TRANSFER,02-Jun,,,,,,,,
95,02/06/26,MAMASUKA MAYONAISE @1KG,  10.00 ,Pack," Rp 517,000 "," Rp 51,700 ",SHOPEE,TRANSFER,02-Jun,,,,,,,,
96,02/06/26,GULAKU @1 KG,  48.00 ,Pack," Rp 950,000 "," Rp 19,792 ",MITRA KIRIM,TRANSFER,02-Jun,,,,,,,,
97,02/06/26,MINYAK FILMA BIB @18LTR,  1.00 ,Ctn," Rp 440,000 "," Rp 440,000 ",MITRA KIRIM,TRANSFER,02-Jun,,,,,,,,
98,02/06/26,MAPLE JOE @250GR,  4.00 ,Btl," Rp 492,000 "," Rp 123,000 ",SHOPEE,TRANSFER,02-Jun,,,,,,,,
99,02/06/26,SIRUP DRIPP PANDAN @760ML,  2.00 ,Btl," Rp 222,450 "," Rp 111,225 ",SHOPEE,TRANSFER,02-Jun,,,,,,,,
100,02/06/26,CIRENG BRECXELLE ISI 20 PCS,  30.00 ,Pack," Rp 467,827 "," Rp 15,594 ",SHOPEE,TRANSFER,02-Jun,,,,,,,,
101,02/06/26,MC CHAIN SPIRAL TWISTER CURLY FRIES @1.8KG,  7.00 ,Pack," Rp 1,186,300 "," Rp 169,471 ",SHOPEE,TRANSFER,02-Jun,,,,,,,,
102,02/06/26,MC CHAIN SPIRAL TWISTER CURLY FRIES @1.8KG,  8.00 ,Pack," Rp 1,355,200 "," Rp 169,400 ",SHOPEE,TRANSFER,02-Jun,,,,,,,,
103,02/06/26,BAWANG MERAH KUPAS,  1.00 ,Kg," Rp 60,000 "," Rp 60,000 ",PASAR,PAK IFAN CASH,,,,,,,,,
,,,,,,#DIV/0!,,,,,,,,,,,
104,03/06/26,AYAM UTUH KRAKAS,  2.00 ,Kg," Rp 90,000 "," Rp 45,000 ",,,,,BAGJA,"  1,381,000 ",PASAR,,,,
105,03/06/26,BABY ROMAIN LETTUCE,  0.50 ,Kg," Rp 20,000 "," Rp 40,000 ",,,,,,"  2,344,000 ",TOKO ERNI,,,,
106,03/06/26,BASIL,  1.50 ,Kg," Rp 75,000 "," Rp 50,000 ",,,,,,"  252,000 ",TCO,,,,
107,03/06/26,BERAS SETRA RAMOS - PREMIUM @5KG,  1.00 ,Krg," Rp 90,000 "," Rp 90,000 ",,,,,,"  202,000 ",TCL,,,,
108,03/06/26,HEINZ CUKA PUTIH @473ML,  1.00 ,Pack," Rp 37,000 "," Rp 37,000 ",,,,,,"  35,000 ",BENSIN MOTOR,,,,
109,03/06/26,JERUK NIPIS,  1.00 ,Kg," Rp 15,000 "," Rp 15,000 ",,,,,,"  100,000 ",BENSIN TCO,,,,
110,03/06/26,JERUK SUNKIST,  2.50 ,Kg," Rp 88,000 "," Rp 35,200 ",,,,,,"  30,000 ",KULI,,,,
111,03/06/26,KANTONG PLASTIK PUTIH SIZE 35,  3.00 ,Pack," Rp 66,000 "," Rp 22,000 ",,,,,,"  29,000 ",PARKIR,,,,
112,03/06/26,KANTONG PLASTIK PUTIH UK 40 @500GR,  5.00 ,Pack," Rp 110,000 "," Rp 22,000 ",,,,,,,,,,,
113,03/06/26,PAKCOY,  1.00 ,Kg," Rp 15,000 "," Rp 15,000 ",,,,,"  3,500,000 ","  4,373,000 ","  -873,000 ",UANG BAGJA√  ,,,
114,03/06/26,PLASTIK SAMPAH HITAM HD 90X120 ,  1.00 ,Pack," Rp 11,000 "," Rp 11,000 ",,,,,,,,,,,
115,03/06/26,POPOHAN,  4.50 ,Kg," Rp 60,000 "," Rp 13,333 ",,,,,RIFAI,"  100,000 ",BENSIN,,,,
116,03/06/26,STRAWBERRY @250GR,  3.00 ,Pack," Rp 72,000 "," Rp 24,000 ",,,,,,"  152,000 ",E-TOLL,,,,
117,03/06/26,THINWALL SAUCE CUP 25ML ,  2.00 ,Pack," Rp 22,000 "," Rp 11,000 ",,,,,,"  6,000 ",PARKIR,,,,
118,03/06/26,THINWALL SAUCE CUP 35ML,  3.00 ,Pack," Rp 42,000 "," Rp 14,000 ",,,,,,,,,,,
119,03/06/26,TOMAT MERAH,  1.00 ,Kg," Rp 15,000 "," Rp 15,000 ",,,,,"  252,000 ","  258,000 ","  -6,000 ",UANG RIFAI√  ,,,
120,03/06/26,JAMUR CHAMPIGNON,  10.00 ,Kg," Rp 400,000 "," Rp 40,000 ",,,,,,,,,,,
121,03/06/26,HEAD LETTUCE,  2.00 ,Kg," Rp 60,000 "," Rp 30,000 ",,,,,,,,,,,
122,03/06/26,TOMATO BEEF,  1.00 ,Kg," Rp 45,000 "," Rp 45,000 ",,,,,PAK IFAN,"  100,000 ",BENSIN,,,,
123,03/06/26,DAUN BAWANG,  3.00 ,Kg," Rp 48,000 "," Rp 16,000 ",,,,,,"  102,000 ",E-TOLL,,,,
124,03/06/26,BAWANG BOMBAY ,  76.00 ,Kg," Rp 1,160,000 "," Rp 15,263 ",TOKO ERNI,BAGJA CASH,,,,,,,,,
125,03/06/26,BAWANG PUTIH KUPAS,  11.00 ,Kg," Rp 330,000 "," Rp 30,000 ",TOKO ERNI,BAGJA CASH,,,"  202,000 ","  202,000 ",  - ,,,,
126,03/06/26,DELMONTE CHILI EXTRA HOT SACHET @8GR @24 PCS ,  20.00 ,Pack," Rp 140,000 "," Rp 7,000 ",TOKO ERNI,BAGJA CASH,,,,,,,,,
127,03/06/26,EBI DAGING TANPA KULIT,  0.40 ,Kg," Rp 42,000 "," Rp 105,000 ",TOKO ERNI,BAGJA CASH,,,,,,,,,
128,03/06/26,KACANG MEDE ,  0.75 ,Kg," Rp 128,000 "," Rp 170,667 ",TOKO ERNI,BAGJA CASH,,,,,,,,,
129,03/06/26,MAIZENAKU @1 KG,  2.00 ,Pack," Rp 44,000 "," Rp 22,000 ",TOKO ERNI,BAGJA CASH,,,,,,,,,
130,03/06/26,FERMIPAN YEAST @4X11GR,  1.00 ,Pack," Rp 20,000 "," Rp 20,000 ",TOKO ERNI,BAGJA CASH,,,,,,,,,
131,03/06/26,TEPUNG CAKRA KEMBAR @25KG,  1.00 ,Krg," Rp 245,000 "," Rp 245,000 ",TOKO ERNI,BAGJA CASH,,,,,,,,,
132,03/06/26,TEPUNG SEGITIGA BIRU @25 KG ,  1.00 ,Krg," Rp 235,000 "," Rp 235,000 ",TOKO ERNI,BAGJA CASH,,,,,,,,,
133,03/06/26,KENTANG DIENG AL (1-4 PCS),  23.00 ,Kg," Rp 414,000 "," Rp 18,000 ",SUMINTO,TRANSFER,,,,,,,,,
134,03/06/26,BAWANG MERAH KUPAS,  105.00 ,Kg," Rp 5,775,000 "," Rp 55,000 ",KEVIN,TRANSFER,06-Jun,,,,,,,,
135,03/06/26,DAUN BAWANG ,  100.00 ,Kg," Rp 1,250,000 "," Rp 12,500 ",AA DADI,TRANSFER,05-Jun,,,,,,,,
136,03/06/26,CABAI MERAH KERITING PETIK,  122.00 ,Kg," Rp 6,710,000 "," Rp 55,000 ",PESEK,TRANSFER,09-Jun,,,,,,,,
137,03/06/26,JAMUR CHAMPIGNON,  6.00 ,Kg," Rp 216,000 "," Rp 36,000 ",DELTAFOOD,TRANSFER,03-Jun,,,,,,,,
138,03/06/26,TELUR AYAM NEGERI (OMEGA) ,  15.00 ,Kg," Rp 405,000 "," Rp 27,000 ",SAFIRA,TRANSFER,03-Jun,,,,,,,,
139,03/06/26,BONELESS PAHA AYAM NO SKIN,  25.00 ,Kg," Rp 1,075,000 "," Rp 43,000 ",LESTARI,TRANSFER,02-Jun,,,,,,,,
140,03/06/26,KULIT AYAM ,  5.00 ,Kg," Rp 145,000 "," Rp 29,000 ",LESTARI,TRANSFER,02-Jun,,,,,,,,
141,03/06/26,UDANG VANAME KUPAS 91/120 NON COOKED@500GR,"  1,000.00 ",Pack," Rp 43,500,000 "," Rp 43,500 ",PAK ANDI,TRANSFER,03-Jun,,,,,,,,
142,03/06/26,STRUK THERMAL PMM 80X80,  12.00 ,Roll," Rp 169,060 "," Rp 14,088 ",SHOPEE,TRANSFER,03-Jun,,,,,,,,
143,03/06/26,SUSU KENTAL MANIS COKLAT ENAK @370GR,  48.00 ,Can," Rp 556,750 "," Rp 11,599 ",SHOPEE,TRANSFER,03-Jun,,REFUND,,,,,,
144,03/06/26,TAHU WALIK ISI 10 PCS,  30.00 ,Pack," Rp 506,000 "," Rp 16,867 ",SHOPEE,TRANSFER,03-Jun,,,,,,,,
145,03/06/26,BERAS HANARO @5KG,  2.00 ,Krg," Rp 371,600 "," Rp 185,800 ",TOKOPEDIA,TRANSFER,03-Jun,,,,,,,,
,,,,,,#DIV/0!,,,,,,,,,,,
146,04/06/26,BROKOLI,  3.00 ,Kg," Rp 75,000 "," Rp 25,000 ",,,,,BAGJA,"  1,850,000 ",PASAR,,,,
147,04/06/26,BUNCIS BESAR,  2.00 ,Kg," Rp 30,000 "," Rp 15,000 ",,,,,,"  5,367,000 ",TOKO ERNI,,,,
148,04/06/26,DAUN BAWANG,  2.00 ,Kg," Rp 30,000 "," Rp 15,000 ",,,,,,"  350,000 ",TOKO OMO,,,,
149,04/06/26,DAUN SALAM ,  1.00 ,Kg," Rp 15,000 "," Rp 15,000 ",,,,,,"  202,000 ",TCO,,,,
150,04/06/26,DAUN SELEDRI LOKAL,  1.00 ,Kg," Rp 40,000 "," Rp 40,000 ",,,,,,"  202,000 ",TCL,,,,
151,04/06/26,HEAD LETTUCE ,  7.00 ,Kg," Rp 210,000 "," Rp 30,000 ",,,,,,"  35,000 ",BENSIN MOTOR,,,,
152,04/06/26,JENGKOL TUA,  2.00 ,Kg," Rp 70,000 "," Rp 35,000 ",,,,,,"  100,000 ",BENSIN TCO,,,,
153,04/06/26,KACANG PANJANG,  7.00 ,Kg," Rp 70,000 "," Rp 10,000 ",,,,,,"  35,000 ",BENSIN MOTOR BAGJA,,,,
154,04/06/26,KEMBANG KOL,  3.00 ,Kg," Rp 75,000 "," Rp 25,000 ",,,,,,"  30,000 ",KULI,,,,
155,04/06/26,KOL PUTIH,  15.00 ,Kg," Rp 120,000 "," Rp 8,000 ",,,,,,"  28,000 ",PARKIR,,,,
156,04/06/26,LEMON LOKAL CALIFORNIA,  6.50 ,Kg," Rp 165,000 "," Rp 25,385 ",,,,,,,,,,,
157,04/06/26,NANAS SUNPRIDE HONI,  1.00 ,Pcs," Rp 32,000 "," Rp 32,000 ",,,,,"  7,500,000 ","  8,199,000 ","  -699,000 ",UANG BAGJA√  ,,,
158,04/06/26,NANGKA MENTAH SAYUR,  20.00 ,Kg," Rp 200,000 "," Rp 10,000 ",,,,,,,,,,,
159,04/06/26,PARE HIJAU,  2.00 ,Kg," Rp 28,000 "," Rp 14,000 ",,,,,,,,,,,
160,04/06/26,PETAI BESAR,  30.00 ,Pcs," Rp 210,000 "," Rp 7,000 ",,,,,RIFAI,"  100,000 ",BENSIN,,,,
161,04/06/26,SEREH ,  1.00 ,Kg," Rp 20,000 "," Rp 20,000 ",,,,,,"  102,000 ",E-TOLL,,,,
162,04/06/26,TERONG UNGU,  3.00 ,Kg," Rp 30,000 "," Rp 10,000 ",,,,,,"  52,000 ",E-TOLL,,,,
163,04/06/26,TOMAT HIJAU,  1.00 ,Kg," Rp 10,000 "," Rp 10,000 ",,,,,,,,,,,
164,04/06/26,TOMAT MERAH,  9.00 ,Kg," Rp 117,000 "," Rp 13,000 ",,,,,"202,000 DARI BAGJA",,,,,,
165,04/06/26,WORTEL BERASTAGI,  3.00 ,Kg," Rp 45,000 "," Rp 15,000 ",,,,,"52,000 TRF KANTOR",,,,,,
166,04/06/26,PAKCOY,  1.00 ,Kg," Rp 10,000 "," Rp 10,000 ",,,,,"  254,000 ","  254,000 ",  - ,,,,
167,04/06/26,DAUN BAWANG,  4.50 ,Kg," Rp 70,000 "," Rp 15,556 ",,,,,,,,,,,
168,04/06/26,CABAI RAWIT MERAH,  0.50 ,Kg," Rp 40,000 "," Rp 80,000 ",,,,,,,,,,,
169,04/06/26,BIJI WIJEN PUTIH,  0.25 ,Kg," Rp 13,000 "," Rp 52,000 ",,,,,,,,,,,
170,04/06/26,KECAP IKAN ROYAL GOLD @725ML,  1.00 ,Btl," Rp 45,000 "," Rp 45,000 ",,,,,PAK IFAN,"  100,000 ",BENSIN,,,,
171,04/06/26,DAUN BAWANG,  4.00 ,Kg," Rp 60,000 "," Rp 15,000 ",,,,,,"  102,000 ",E-TOLL,,,,
172,04/06/26,JAHE PUTIH,  0.50 ,Kg," Rp 20,000 "," Rp 40,000 ",,,,,,,,,,,
173,04/06/26,BAKING POWDER @45GR KOEPOE2,  12.00 ,Btl," Rp 80,000 "," Rp 6,667 ",TOKO ERNI,BAGJA CASH,,,"  202,000 ","  202,000 ",  - ,,,,
174,04/06/26,BAWANG PUTIH KUPAS ,  107.00 ,Kg," Rp 3,210,000 "," Rp 30,000 ",TOKO ERNI,BAGJA CASH,,,,,,,,,
175,04/06/26,CABAI MERAH KERING BESAR,  0.10 ,Kg," Rp 9,000 "," Rp 90,000 ",TOKO ERNI,BAGJA CASH,,,,,,,,,
176,04/06/26,CUKA DIXIE @650ML,  1.00 ,Btl," Rp 17,000 "," Rp 17,000 ",TOKO ERNI,BAGJA CASH,,,,,,,,,
177,04/06/26,GARAM KASAR ISI 10 PACK ,  1.00 ,Pack," Rp 55,000 "," Rp 55,000 ",TOKO ERNI,BAGJA CASH,,,,,,,,,
178,04/06/26,GARAM REFINA @500GR,  160.00 ,Pack," Rp 1,040,000 "," Rp 6,500 ",TOKO ERNI,BAGJA CASH,,,,,,,,,
179,04/06/26,GULAKU @1 KG,  24.00 ,Pack," Rp 470,000 "," Rp 19,583 ",TOKO ERNI,BAGJA CASH,,,,,,,,,
180,04/06/26,LADA HITAM BUBUK @250GR,  2.00 ,Pack," Rp 50,000 "," Rp 25,000 ",TOKO ERNI,BAGJA CASH,,,,,,,,,
181,04/06/26,LADA PUTIH HALUS @250GR,  12.00 ,Pack," Rp 300,000 "," Rp 25,000 ",TOKO ERNI,BAGJA CASH,,,,,,,,,
182,04/06/26,ROYCO SAPI @1 KG,  1.00 ,Pack," Rp 42,000 "," Rp 42,000 ",TOKO ERNI,BAGJA CASH,,,,,,,,,
183,04/06/26,SASA MSG @1KG,  2.00 ,Pack," Rp 94,000 "," Rp 47,000 ",TOKO ERNI,BAGJA CASH,,,,,,,,,
184,04/06/26,SAGU TANI CAP PAK TANI @500GR,  20.00 ,Pack," Rp 175,000 "," Rp 8,750 ",TOKO OMO,BAGJA CASH,,,,,,,,,
185,04/06/26,TEPUNG DRAGONFLY @1KG,  25.00 ,Pack," Rp 175,000 "," Rp 7,000 ",TOKO OMO,BAGJA CASH,,,,,,,,,
186,04/06/26,KENTANG DIENG AL (1-4 PCS) ,  15.00 ,Kg," Rp 270,000 "," Rp 18,000 ",SUMINTO,TRANSFER,,,,,,,,,
187,04/06/26,BAWANG MERAH KUPAS,  113.00 ,Kg," Rp 6,215,000 "," Rp 55,000 ",KEVIN,TRANSFER,06-Jun,,,,,,,,
188,04/06/26,DAUN BAWANG,  97.00 ,Kg," Rp 1,212,500 "," Rp 12,500 ",AA DADI,TRANSFER,05-Jun,,  3 ,,,,,,
189,04/06/26,CABAI MERAH KERITING PETIK ,  125.00 ,Kg," Rp 6,875,000 "," Rp 55,000 ",PESEK,TRANSFER,09-Jun,,,,,,,,
190,04/06/26,CABAI HIJAU BESAR,  20.00 ,Kg," Rp 600,000 "," Rp 30,000 ",ALDIANSYAH,TRANSFER,,,,,,,,,
191,04/06/26,CABAI MERAH BESAR,  10.00 ,Kg," Rp 850,000 "," Rp 85,000 ",ALDIANSYAH,TRANSFER,,,,,,,,,
192,04/06/26,CABAI MERAH KERITING PETIK ,  7.00 ,Kg," Rp 525,000 "," Rp 75,000 ",ALDIANSYAH,TRANSFER,,,,,,,,,
193,04/06/26,CABAI RAWIT MERAH,  2.00 ,Kg," Rp 170,000 "," Rp 85,000 ",ALDIANSYAH,TRANSFER,,,,,,,,,
194,04/06/26,JAMUR CHAMPIGNON,  10.00 ,Kg," Rp 360,000 "," Rp 36,000 ",DELTAFOOD,TRANSFER,04-Jun,,,,,,,,
,,,,,,#DIV/0!,,,,,,,,,,,
195,05/06/26,BABY PAKCOY,  5.00 ,Kg," Rp 50,000 "," Rp 10,000 ",,,,,BAGJA,"  970,000 ",PASAR,,,,
196,05/06/26,BONELESS PAHA AYAM NO SKIN,  3.00 ,Kg," Rp 145,000 "," Rp 48,333 ",,,,,,"  432,000 ",TOKO ERNI,,,,
197,05/06/26,DAUN BAWANG,  4.50 ,Kg," Rp 70,000 "," Rp 15,556 ",,,,,,"  100,000 ",BENSIN TCO,,,,
198,05/06/26,JERUK NIPIS,  1.00 ,Kg," Rp 20,000 "," Rp 20,000 ",,,,,,"  252,000 ",TCO,,,,
199,05/06/26,KANTONG PLASTIK PUTIH SIZE 35,  3.00 ,Pack," Rp 69,000 "," Rp 23,000 ",,,,,,"  202,000 ",TCL,,,,
200,05/06/26,KANTONG PLASTIK T CUP GELAS,  1.00 ,Pack," Rp 7,000 "," Rp 7,000 ",,,,,,"  35,000 ",BENSIN  MOTOR,,,,
201,05/06/26,KOL PUTIH,  4.00 ,Kg," Rp 30,000 "," Rp 7,500 ",,,,,,"  19,000 ",PARKIR,,,,
202,05/06/26,KOL UNGU,  2.00 ,Kg," Rp 70,000 "," Rp 35,000 ",,,,,,"  30,000 ",KULI,,,,
203,05/06/26,LEMON IMPORT,  0.50 ,Kg," Rp 30,000 "," Rp 60,000 ",,,,,,,,,,,
204,05/06/26,LEMON LOKAL CALIFORNIA,  2.00 ,Kg," Rp 25,000 "," Rp 12,500 ",,,,,"  1,500,000 ","  2,040,000 ","  -540,000 ",UANG BAGJA√  ,,,
205,05/06/26,PLASTIK WRAPPING MAKANAN UK 40x500CM,  1.00 ,Pack," Rp 185,000 "," Rp 185,000 ",,,,,,,,,,,
206,05/06/26,POPOHAN,  1.00 ,Kg," Rp 15,000 "," Rp 15,000 ",,,,,RIFAI,"  150,000 ",BENSIN,,,,
207,05/06/26,BAWANG MERAH BESAR,  1.00 ,Kg," Rp 55,000 "," Rp 55,000 ",,,,,,"  102,000 ",E-TOLL,,,,
208,05/06/26,CABAI RAWIT MERAH,  0.50 ,Kg," Rp 40,000 "," Rp 80,000 ",,,,,,,,,,,
209,05/06/26,CABAI MERAH KERITING,  0.50 ,Kg," Rp 21,000 "," Rp 42,000 ",,,,,"  252,000 ","  252,000 ",  - ,,,,
210,05/06/26,TIMUN,  1.00 ,Kg," Rp 8,000 "," Rp 8,000 ",,,,,,,,,,,
211,05/06/26,WORTEL BERASTAGI,  1.00 ,Kg," Rp 15,000 "," Rp 15,000 ",,,,,,,,,,,
212,05/06/26,RAGI INSTAN @500GR,  2.00 ,Pack," Rp 110,000 "," Rp 55,000 ",,,,,PAK IFAN,"  100,000 ",BENSIN,,,,
213,05/06/26,LENGKOAS,  0.50 ,Kg," Rp 5,000 "," Rp 10,000 ",,,,,,"  102,000 ",E-TOLL,,,,
214,05/06/26,BAWANG BOMBAY,  19.00 ,Kg," Rp 290,000 "," Rp 15,263 ",TOKO ERNI,BAGJA CASH,,,,,,,,,
215,05/06/26,BAWANG PUTIH KUPAS,  0.50 ,Kg," Rp 17,000 "," Rp 34,000 ",TOKO ERNI,BAGJA CASH,,,"  202,000 ","  202,000 ",  - ,,,,
216,05/06/26,KACANG MEDE ,  0.50 ,Kg," Rp 85,000 "," Rp 170,000 ",TOKO ERNI,BAGJA CASH,,,,,,,,,
217,05/06/26,ROYCO AYAM @1KG,  1.00 ,Pack," Rp 40,000 "," Rp 40,000 ",TOKO ERNI,BAGJA CASH,,,,,,,,,
218,05/06/26,KENTANG DIENG AL (1-4 PCS) ,  30.00 ,Kg," Rp 540,000 "," Rp 18,000 ",SUMINTO,TRANSFER,,,,,,,,,
219,05/06/26,BAWANG MERAH KUPAS,  120.00 ,Kg," Rp 6,600,000 "," Rp 55,000 ",KEVIN,TRANSFER,06-Jun,,,,,,,,
220,05/06/26,CABAI MERAH KERITING PETIK,  122.00 ,Kg," Rp 6,710,000 "," Rp 55,000 ",PESEK,TRANSFER,09-Jun,,,,,,,,
221,05/06/26,DAUN BAWANG,  114.80 ,Kg," Rp 1,435,000 "," Rp 12,500 ",AA DADI,TRANSFER,11-Jun,,,,,,,,
222,05/06/26,BABY BUNCIS,  95.00 ,Kg," Rp 1,900,000 "," Rp 20,000 ",AA ALAN,TRANSFER,12-Jun,,  5 ,,,,,,
223,05/06/26,JAMUR CHAMPIGNON,  18.00 ,Kg," Rp 648,000 "," Rp 36,000 ",DELTAFOOD,TRANSFER,05-Jun,,,,,,,,
224,05/06/26,VANILLA TOPIECO@100ML,  1.00 ,Pack," Rp 48,500 "," Rp 48,500 ",SHOPEE,TRANSFER,05-Jun,,,,,,,,
225,05/06/26,KANTONG PLASTIK PEX BAWANG UK 30,  3.00 ,Pack," Rp 59,700 "," Rp 19,900 ",SHOPEE,TRANSFER,05-Jun,,,,,,,,
226,05/06/26,MINYAK BARCO @1LTR,  2.00 ,Pack," Rp 121,908 "," Rp 60,954 ",SHOPEE,TRANSFER,05-Jun,,,,,,,,
227,05/06/26,SUSU KENTAL MANIS COKLAT ENAK @370GR,  48.00 ,Can," Rp 703,000 "," Rp 14,646 ",SHOPEE,TRANSFER,05-Jun,,,,,,,,
228,05/06/26,TAHU WALIK ISI 10 PCS,  30.00 ,Pack," Rp 513,250 "," Rp 17,108 ",SHOPEE,TRANSFER,05-Jun,,,,,,,,
229,05/06/26,COCA-COLA ORIGINAL @250ML ISI 24CAN,  1.00 ,Ctn," Rp 193,200 "," Rp 193,200 ",SHOPEE,TRANSFER,05-Jun,,,,,,,,
230,05/06/26,A&W SODA SARSAPILA@250 ML ISI 24 CAN,  1.00 ,Ctn," Rp 161,164 "," Rp 161,164 ",SHOPEE,TRANSFER,05-Jun,,,,,,,,
231,05/06/26,BAKSO DAGING SAPI WARISAN @50PCS,  10.00 ,Pack," Rp 320,000 "," Rp 32,000 ",SHOPEE,TRANSFER,05-Jun,,,,,,,,
232,05/06/26,SOSIS KIMBO ISI 25 PCS,  20.00 ,Pack," Rp 660,000 "," Rp 33,000 ",SHOPEE,TRANSFER,05-Jun,,,,,,,,
,,,,,,#DIV/0!,,,,,,,,,,,
233,06/06/26,BABY PAKCOY,  5.00 ,Kg," Rp 75,000 "," Rp 15,000 ",,,,,BAGJA,"  688,500 ",PASAR,,,,
234,06/06/26,BAWANG MERAH BESAR,  5.00 ,Kg," Rp 240,000 "," Rp 48,000 ",,,,,,"  1,248,000 ",TOKO ERNI,,,,
235,06/06/26,TOMAT MERAH,  7.00 ,Kg," Rp 126,000 "," Rp 18,000 ",,,,,,"  750,000 ",BULE,,,,
236,06/06/26,TOMATO BEEF,  1.00 ,Kg," Rp 35,000 "," Rp 35,000 ",,,,,,"  100,000 ",BENSIN TCO,,,,
237,06/06/26,LEMON LOKAL CALIFORNIA,  1.00 ,Kg," Rp 12,500 "," Rp 12,500 ",,,,,,"  33,920 ",BENSIN MOTOR BAGJA,,,,
238,06/06/26,JAMUR CHAMPIGNON,  5.00 ,Kg," Rp 200,000 "," Rp 40,000 ",,,,,,"  15,000 ",PARKIR,,,,
239,06/06/26,BAWANG BOMBAY,  38.00 ,Kg," Rp 590,000 "," Rp 15,526 ",TOKO ERNI,BAGJA CASH,,,,"  152,000 ",TCO,,,,
240,06/06/26,BAWANG PUTIH KUPAS,  2.50 ,Kg," Rp 90,000 "," Rp 36,000 ",TOKO ERNI,BAGJA CASH,,,,"  302,000 ",TCL,,,,
241,06/06/26,GULA BATU PUTIH @500GR ,  5.00 ,Kg," Rp 90,000 "," Rp 18,000 ",TOKO ERNI,BAGJA CASH,,,,"  30,000 ",KULI,,,,
242,06/06/26,MINYAK SANIA BIB @18LTR,  1.00 ,Ctn," Rp 415,000 "," Rp 415,000 ",TOKO ERNI,BAGJA CASH,,,,,,,,,
243,06/06/26,RAGI INSTAN FERMIPAN @11GR ISI 4 PCS,  3.00 ,Pack," Rp 63,000 "," Rp 21,000 ",TOKO ERNI,BAGJA CASH,,,"  2,500,000 ","  3,319,420 ","  -819,420 ",UANG BAGJA√  ,,,
244,06/06/26,HEAD LETTUCE,  25.00 ,Kg," Rp 750,000 "," Rp 30,000 ",BULE,BAGJA CASH,,,,,,,,,
245,06/06/26,BAWANG MERAH KUPAS,  105.00 ,Kg," Rp 5,775,000 "," Rp 55,000 ",KEVIN,TRANSFER,06-Jun,,RIFAI,"  150,000 ",BENSIN,,PAK IFAN,"  50,000 ",BENSIN
246,06/06/26,CABAI MERAH KERITING PETIK,  125.00 ,Kg," Rp 6,875,000 "," Rp 55,000 ",PESEK,TRANSFER,09-Jun,,,"  152,000 ",E-TOLL,,,"  102,000 ",E-TOLL
247,06/06/26,BONELESS PAHA AYAM NO SKIN,  30.00 ,Kg," Rp 1,290,000 "," Rp 43,000 ",LESTARI,TRANSFER,05-Jun,,,,,,,,
248,06/06/26,TELUR AYAM NEGERI (OMEGA) ,  15.00 ,Kg," Rp 405,000 "," Rp 27,000 ",SAFIRA,TRANSFER,06-Jun,,"302,000 DARI BAGJA",,,,"  152,000 ","  152,000 ",  - 
249,06/06/26,CIRENG BRECXELLE ISI 20 PCS,  30.00 ,Pack," Rp 405,395 "," Rp 13,513 ",SHOPEE,TRANSFER,06-Jun,,"52,000 TRF KANTOR",,,,,,
250,06/06/26,SUNLIGHT @4.5LTR,  4.00 ,Jrg," Rp 367,684 "," Rp 91,921 ",TOKOPEDIA,TRANSFER,06-Jun,,"  354,000 ","  302,000 ","  52,000 ",TRF√  ,,,
,,,,,,#DIV/0!,,,,,,,,,,,
251,08/06/26,BAWANG BOMBAY MERAH,  5.00 ,Kg," Rp 175,000 "," Rp 35,000 ",,,,,BAGJA,"  1,007,000 ",PASAR,,,,
252,08/06/26,HEAD LETTUCE ,  7.00 ,Kg," Rp 280,000 "," Rp 40,000 ",,,,,,"  495,000 ",TOKO ERNI,,,,
253,08/06/26,JAHE PUTIH,  1.50 ,Kg," Rp 30,000 "," Rp 20,000 ",,,,,,"  100,000 ",BENSIN TCO,,,,
254,08/06/26,JERUK NIPIS,  0.50 ,Kg," Rp 10,000 "," Rp 20,000 ",,,,,,"  202,000 ",TCO,,,,
255,08/06/26,PAKCOY,  1.00 ,Kg," Rp 12,000 "," Rp 12,000 ",,,,,,"  252,000 ",TCL,,,,
256,08/06/26,PLASTIK TOMAT 15x30 (1Kg),  2.00 ,Pack," Rp 26,000 "," Rp 13,000 ",,,,,,"  35,000 ",MOTOR,,,,
257,08/06/26,THINWALL SAUCE CUP 25ML ,  5.00 ,Pack," Rp 55,000 "," Rp 11,000 ",,,,,,"  30,000 ",KULI,,,,
258,08/06/26,TOMAT MERAH,  7.00 ,Kg," Rp 119,000 "," Rp 17,000 ",,,,,,"  25,000 ",PARKIR,,,,
259,08/06/26,TOMATO BEEF,  1.00 ,Kg," Rp 35,000 "," Rp 35,000 ",,,,,,"  48,000 ",PLASTIK PACKING,,,,
260,08/06/26,POPOHAN,  1.00 ,Kg," Rp 15,000 "," Rp 15,000 ",,,,,,"  48,000 ",PLASTIK PACKING,,,,
261,08/06/26,BAWANG MERAH KUPAS,  5.00 ,Kg," Rp 250,000 "," Rp 50,000 ",,,,,,"  32,000 ",PLASTIK PACKING,,,,
262,08/06/26,BAWANG BOMBAY,  19.00 ,Kg," Rp 290,000 "," Rp 15,263 ",TOKO ERNI,BAGJA CASH,,,,,,,,,
263,08/06/26,BAWANG PUTIH KUPAS,  5.00 ,Kg," Rp 185,000 "," Rp 37,000 ",TOKO ERNI,BAGJA CASH,,,"  1,000,000 ","  2,274,000 ","  -1,274,000 ",UANG BAGJA√  ,,,
264,08/06/26,CABAI MERAH KERING KECIL,  0.25 ,Kg," Rp 20,000 "," Rp 80,000 ",TOKO ERNI,BAGJA CASH,,,,,,,,,
265,08/06/26,KENTANG DIENG AL (1-4 PCS),  53.00 ,Kg," Rp 954,000 "," Rp 18,000 ",SUMINTO,TRANSFER,,,RIFAI,"  100,000 ",BENSIN,,,,
266,08/06/26,BAWANG PUTIH KUPAS,  167.00 ,Kg," Rp 4,843,000 "," Rp 29,000 ",KEVIN,TRANSFER,15-Jun,,,"  102,000 ",E-TOLL,,,,
267,08/06/26,CABAI MERAH KERITING PETIK,  215.00 ,Kg," Rp 10,105,000 "," Rp 47,000 ",PESEK,TRANSFER,15-Jun,,,,,,,,
268,08/06/26,CABAI MERAH KERITING,  0.25 ,Kg," Rp 13,250 "," Rp 53,000 ",ALDIANSYAH,TRANSFER,,,"  252,000 ","  202,000 ","  50,000 ",TRF√  ,,,
269,08/06/26,CABAI RAWIT MERAH PETIK,  5.00 ,Kg," Rp 400,000 "," Rp 80,000 ",ALDIANSYAH,TRANSFER,,,,,,,,,
270,08/06/26,JAMUR CHAMPIGNON,  5.00 ,Kg," Rp 180,000 "," Rp 36,000 ",DELTAFOOD,TRANSFER,09-Jun,,PAK IFAN,"  100,000 ",BENSIN,,,,
271,08/06/26,MC CHAIN SPIRAL TWISTER CURLY FRIES @1.8KG,  7.00 ,Pack," Rp 1,086,300 "," Rp 155,186 ",SHOPEE,TRANSFER,08-Jun,,,"  102,000 ",E-TOLL,,,,
272,08/06/26,MC CHAIN SPIRAL TWISTER CURLY FRIES @1.8KG,  8.00 ,Pack," Rp 1,355,200 "," Rp 169,400 ",SHOPEE,TRANSFER,08-Jun,,,,,,,,
273,08/06/26,KENTANG AVIKO SHOESTRING @2.5KG,  7.00 ,Pack," Rp 536,000 "," Rp 76,571 ",SHOPEE,TRANSFER,08-Jun,,"  202,000 ","  202,000 ",  - ,,,,
274,08/06/26,KENTANG AVIKO SHOESTRING @2.5KG,  8.00 ,Pack," Rp 612,000 "," Rp 76,500 ",SHOPEE,TRANSFER,08-Jun,,,,,,,,
275,08/06/26,SUSU SUNBAY EVAPORATED MILK @380 ML,  10.00 ,Can," Rp 162,200 "," Rp 16,220 ",SHOPEE,TRANSFER,08-Jun,,,,,,,,
276,08/06/26,BABY BUNCIS,  85.00 ,Kg," Rp 1,700,000 "," Rp 20,000 ",AA ALAN,TRANSFER,,,  20 ,,,,,,
,,,,,,#DIV/0!,,,,,BAGJA,"  2,086,300 ",PASAR,,,,
277,09/06/26,BABY PAKCOY,  5.00 ,Kg," Rp 50,000 "," Rp 10,000 ",,,,,,"  1,467,000 ",TOKO ERNI,,,,
278,09/06/26,BERAS SETRA RAMOS - PREMIUM @5KG ,  1.00 ,Krg," Rp 90,000 "," Rp 90,000 ",,,,,,"  252,000 ",TCO,,,,
279,09/06/26,DAGING SENGKEL SAPI ,  2.00 ,Kg," Rp 300,000 "," Rp 150,000 ",,,,,,"  202,000 ",TCL,,,,
280,09/06/26,DAUN PANDAN,  0.50 ,Kg," Rp 10,000 "," Rp 20,000 ",,,,,,"  47,000 ",BENSIN  MOTOR,,,,
281,09/06/26,HEAD LETTUCE,  2.70 ,Kg," Rp 108,000 "," Rp 40,000 ",,,,,,"  30,000 ",PARKIR,,,,
282,09/06/26,JERUK NIPIS,  1.00 ,Kg," Rp 22,000 "," Rp 22,000 ",,,,,,"  30,000 ",KULI,,,,
283,09/06/26,JERUK SUNKIST,  5.00 ,Kg," Rp 175,000 "," Rp 35,000 ",,,,,,"  100,000 ",BENSIN TCO,,,,
284,09/06/26,LOBAK,  1.00 ,Kg," Rp 10,000 "," Rp 10,000 ",,,,,,,,,,,
285,09/06/26,PAKCOY,  3.00 ,Kg," Rp 30,000 "," Rp 10,000 ",,,,,"  2,500,000 ","  4,214,300 ","  -1,714,300 ",UANG BAGJA√  ,,,
286,09/06/26,SEMANGKA MERAH,  13.10 ,Kg," Rp 156,000 "," Rp 11,908 ",,,,,,,,,,,
287,09/06/26,STRAWBERRY @250GR,  3.00 ,Pack," Rp 30,000 "," Rp 10,000 ",,,,,,,,,,,
288,09/06/26,TOMAT MERAH,  1.00 ,Kg," Rp 18,000 "," Rp 18,000 ",,,,,BAGUS,"  108,000 ",GOLDENFILL CHOCO CRUNCHY 2 PACK,,,,
289,09/06/26,TOMATO BEEF,  4.00 ,Kg," Rp 140,000 "," Rp 35,000 ",,,,,,"  35,000 ",ONGKIR LALAMOVE LESTARI 9JUNI'26,,,,
290,09/06/26,JAMUR CHAMPIGNON,  9.00 ,Kg," Rp 360,000 "," Rp 40,000 ",,,,,,"  2,000 ",PARKIR,,,,
291,09/06/26,KANTONG PLASTIK PUTIH SIZE 35,  3.00 ,Pack," Rp 69,000 "," Rp 23,000 ",,,,,,,,,,,
292,09/06/26,PLASTIK SAMPAH HITAM HD 90X120 ,  2.00 ,Pack," Rp 22,000 "," Rp 11,000 ",,,,,"  300,000 ","  145,000 ","  155,000 ",CASH√  ,,,
293,09/06/26,STELLA REFIL @400ML,  1.00 ,Pcs," Rp 41,300 "," Rp 41,300 ",,,,,,,,,,,
294,09/06/26,BAWANG BOMBAY MERAH,  1.00 ,Kg," Rp 35,000 "," Rp 35,000 ",,,,,HILMAN,"  87,000 ",BERAS SETRA RAMOS 1 KRG,,,,
295,09/06/26,BROKOLI,  1.00 ,Kg," Rp 30,000 "," Rp 30,000 ",,,,,,"  3,000 ",PARKIR,,,,
296,09/06/26,BASIL,  0.10 ,Kg," Rp 15,000 "," Rp 150,000 ",,,,,,,,,,,
297,09/06/26,BAWANG MERAH KUPAS,  7.50 ,Kg," Rp 375,000 "," Rp 50,000 ",,,,,"  90,000 ","  90,000 ",  - ,,,,
298,09/06/26,BAKING POWDER @45GR KOEPOE2,  12.00 ,Kg," Rp 80,000 "," Rp 6,667 ",TOKO ERNI,BAGJA CASH,,,,,,,,,
299,09/06/26,BAWANG PUTIH KUPAS,  5.00 ,Kg," Rp 185,000 "," Rp 37,000 ",TOKO ERNI,BAGJA CASH,,,RIFAI,"  150,000 ",BENSIN,,,,
300,09/06/26,CUKA DIXIE @650ML ,  1.00 ,Kg," Rp 17,000 "," Rp 17,000 ",TOKO ERNI,BAGJA CASH,,,,"  102,000 ",E-TOLL,,,,
301,09/06/26,DELMONTE TOMAT SACHET @8GR ISI 24 PCS,  2.00 ,Pack," Rp 14,000 "," Rp 7,000 ",TOKO ERNI,BAGJA CASH,,,,"  5,000 ",PARKIR,,,,
302,09/06/26,DIAMOND UHT MILK PLAIN @1LT,  6.00 ,Pack," Rp 132,000 "," Rp 22,000 ",TOKO ERNI,BAGJA CASH,,,,,,,,,
303,09/06/26,KACANG TANAH KULIT ARI,  0.50 ,Kg," Rp 18,000 "," Rp 36,000 ",TOKO ERNI,BAGJA CASH,,,"  252,000 ","  257,000 ","  -5,000 ",UANG RIFAI√  ,,,
304,09/06/26,TEPUNG CAKRA KEMBAR @25KG ,  1.00 ,Krg," Rp 240,000 "," Rp 240,000 ",TOKO ERNI,BAGJA CASH,,,,,,,,,
305,09/06/26,TEPUNG SEGITIGA BIRU @25 KG,  1.00 ,Krg," Rp 230,000 "," Rp 230,000 ",TOKO ERNI,BAGJA CASH,,,,,,,,,
306,09/06/26,DELMONTE CHILI EXTRA HOT SACHET @8GR @24 PCS ,  40.00 ,Pack," Rp 290,000 "," Rp 7,250 ",TOKO ERNI,BAGJA CASH,,,PAK IFAN,"  100,000 ",BENSIN,,,,
307,09/06/26,BAWANG PUTIH KUPAS,  0.90 ,Kg," Rp 34,000 "," Rp 37,778 ",TOKO ERNI,BAGJA CASH,,,,"  102,000 ",E-TOLL,,,,
308,09/06/26,SASA TEPUNG KENTUCKY @850GR,  4.00 ,Pack," Rp 92,000 "," Rp 23,000 ",TOKO ERNI,BAGJA CASH,,,,,,,,,
309,09/06/26,KNORR CHICKEN @1KG,  1.00 ,Pack," Rp 95,000 "," Rp 95,000 ",TOKO ERNI,BAGJA CASH,,,"  202,000 ","  202,000 ",  - ,,,,
310,09/06/26,CABAI MERAH KERING BESAR,  0.50 ,Kg," Rp 40,000 "," Rp 80,000 ",TOKO ERNI,BAGJA CASH,,,,,,,,,
311,09/06/26,KENTANG DIENG AL (1-4 PCS) ,  5.00 ,Kg," Rp 90,000 "," Rp 18,000 ",SUMINTO,TRANSFER,,,,,,,,,
312,09/06/26,BAWANG PUTIH KUPAS,  165.00 ,Kg," Rp 4,785,000 "," Rp 29,000 ",KEVIN,TRANSFER,15-Jun,,,,,,,,
313,09/06/26,TELUR AYAM NEGERI (OMEGA) ,  15.00 ,Kg," Rp 405,000 "," Rp 27,000 ",SAFIRA,TRANSFER,09-Jun,,,,,,,,
314,09/06/26,JAMUR CHAMPIGNON,  14.00 ,Kg," Rp 504,000 "," Rp 36,000 ",DELTAFOOD,TRANSFER,09-Jun,,,,,,,,
315,09/06/26,BONELESS PAHA AYAM NO SKIN,  25.00 ,Kg," Rp 1,000,000 "," Rp 40,000 ",LESTARI,TRANSFER,08-Jun,,,,,,,,
316,09/06/26,SAYAP AYAM ,  10.00 ,Kg," Rp 290,000 "," Rp 29,000 ",LESTARI,TRANSFER,08-Jun,,,,,,,,
317,09/06/26,CABAI RAWIT HIJAU PETIK,  3.00 ,Kg," Rp 180,000 "," Rp 60,000 ",ALDIANSYAH,TRANSFER,,,,,,,,,
318,09/06/26,CABAI RAWIT MERAH PETIK,  3.00 ,Kg," Rp 240,000 "," Rp 80,000 ",ALDIANSYAH,TRANSFER,,,,,,,,,
319,09/06/26,CABAI RAWIT MERAH,  0.20 ,Kg," Rp 14,000 "," Rp 70,000 ",ALDIANSYAH,TRANSFER,,,,,,,,,
320,09/06/26,MONIN SYRUP LECI @700ML,  2.00 ,Btl," Rp 322,000 "," Rp 161,000 ",SHOPEE,TRANSFER,09-Jun,,,,,,,,
321,09/06/26,MIE CAP KEMUDI @500GR,  5.00 ,Pack," Rp 136,140 "," Rp 27,228 ",SHOPEE,TRANSFER,09-Jun,,,,,,,,
322,09/06/26,GOLDENFILL CHOCOCRUNCHY@1KG,  2.00 ,Pack," Rp 108,000 "," Rp 54,000 ",BAKING LAND,BAGUS CASH,,,,,,,,,
323,09/06/26,BERAS SETRA RAMOS - PREMIUM @5KG,  1.00 ,Krg," Rp 87,000 "," Rp 87,000 ",TOKO BERAS,HILMAN CASH,,,,,,,,,
,,,,,,#DIV/0!,,,,,,,,,,,
324,10/06/26,BASIL,  0.50 ,Kg," Rp 30,000 "," Rp 60,000 ",,,,,BAGJA,"  522,200 ",PASAR,,,,
325,10/06/26,BAWANG MERAH BESAR,  0.50 ,Kg," Rp 25,000 "," Rp 50,000 ",,,,,,"  1,349,000 ",TOKO ERNI,,,,
326,10/06/26,JAMUR SHITAKE,  1.00 ,Kg," Rp 120,000 "," Rp 120,000 ",,,,,,"  100,000 ",BENSIN TCO,,,,
327,10/06/26,JERUK NIPIS,  0.50 ,Kg," Rp 10,000 "," Rp 20,000 ",,,,,,"  100,000 ",BENSIN TCL,,,,
328,10/06/26,LEMON IMPORT ,  1.00 ,Kg," Rp 50,000 "," Rp 50,000 ",,,,,,"  302,000 ",TCL,,,,
329,10/06/26,LEMON LOKAL CALIFORNIA,  2.00 ,Kg," Rp 60,000 "," Rp 30,000 ",,,,,,"  202,000 ",TCO,,,,
330,10/06/26,PAKCOY,  0.50 ,Kg," Rp 10,000 "," Rp 20,000 ",,,,,,"  50,000 ",PARKIR,,,,
331,10/06/26,PARSLEY BASAH,  1.00 ,Kg," Rp 40,000 "," Rp 40,000 ",,,,,,"  35,000 ",KULI,,,,
332,10/06/26,POPOHAN,  1.00 ,Kg," Rp 15,000 "," Rp 15,000 ",,,,,,"  73,582 ",ONGKIR LALAMOVE KIAT 10JUNI'26,,,,
333,10/06/26,STELLA SPRAY PARFUM @400 ML,  1.00 ,Pcs," Rp 39,200 "," Rp 39,200 ",,,,,,,,,,,
334,10/06/26,TOMAT MERAH,  1.00 ,Kg," Rp 18,000 "," Rp 18,000 ",,,,,"  3,200,000 ","  2,733,782 ","  466,218 ",TRF√  ,,,
335,10/06/26,TOMATO BEEF,  2.00 ,Kg," Rp 70,000 "," Rp 35,000 ",,,,,,,,,,,
336,10/06/26,UBI UNGU,  5.00 ,Kg," Rp 35,000 "," Rp 7,000 ",,,,,,,,,,,
337,10/06/26,BAWANG BOMBAY,  19.00 ,Kg," Rp 310,000 "," Rp 16,316 ",TOKO ERNI,BAGJA CASH,,,BAGUS,"  216,000 ",MILAC 3 PACK,,,,
338,10/06/26,BAWANG PUTIH KUPAS,  6.00 ,Kg," Rp 234,000 "," Rp 39,000 ",TOKO ERNI,BAGJA CASH,,,,"  2,000 ",PARKIR,,,,
339,10/06/26,DELMONTE TOMAT SACHET @8GR ISI 24 PCS,  10.00 ,Pack," Rp 70,000 "," Rp 7,000 ",TOKO ERNI,BAGJA CASH,,,,,,,,,
340,10/06/26,EMPING MENTAH,  1.00 ,Kg," Rp 80,000 "," Rp 80,000 ",TOKO ERNI,BAGJA CASH,,,"  300,000 ","  218,000 ","  82,000 ",CASH√  ,,,
341,10/06/26,KACANG MEDE ,  0.50 ,Kg," Rp 80,000 "," Rp 160,000 ",TOKO ERNI,BAGJA CASH,,,,,,,,,
342,10/06/26,LEE KUM KEE SAUS TIRAM 2.2KG,  1.00 ,Can," Rp 115,000 "," Rp 115,000 ",TOKO ERNI,BAGJA CASH,,,RIFAI,"  150,000 ",BENSIN,,,,
343,10/06/26,MINYAK SOVIA @18LTR ,  1.00 ,Ctn," Rp 415,000 "," Rp 415,000 ",TOKO ERNI,BAGJA CASH,,,,"  152,000 ",E-TOLL,,,,
344,10/06/26,TEPUNG BERAS ROSEBRAND @500GR,  5.00 ,Pack," Rp 45,000 "," Rp 9,000 ",TOKO ERNI,BAGJA CASH,,,,,,,,,
345,10/06/26,KENTANG DIENG AL (1-4 PCS),  15.00 ,Kg," Rp 270,000 "," Rp 18,000 ",SUMINTO,TRANSFER,,,"  302,000 ","  302,000 ",  - ,,,,
346,10/06/26,BAWANG PUTIH KUPAS,  165.00 ,Kg," Rp 4,785,000 "," Rp 29,000 ",KEVIN,TRANSFER,15-Jun,,,,,,,,
347,10/06/26,TELUR AYAM NEGERI,  30.00 ,Kg," Rp 710,000 "," Rp 23,667 ",SAFIRA,TRANSFER,10-Jun,,HILMAN & SANDI,"  15,000 ",BENSIN  MOTOR,,,,
348,10/06/26,JAMUR CHAMPIGNON ,  13.00 ,Kg," Rp 468,000 "," Rp 36,000 ",DELTAFOOD,TRANSFER,10-Jun,,,"  102,000 ",E-TOLL,,,,
349,10/06/26,SUSU SUNBAY EVAPORATED MILK @380 ML,  5.00 ,Can," Rp 80,833 "," Rp 16,167 ",SHOPEE,TRANSFER,10-Jun,,REFUND 1 CAN,"  13,000 ",PARKIR INDUK,,,,
350,10/06/26,MILAC GOLD COOKING CREAM @1LT,  3.00 ,Pack," Rp 216,000 "," Rp 72,000 ",BAKING LAND,BAGUS CASH,,,,"  10,000 ",PARKIR LIAR,,,,
351,10/06/26,MAMASUKA MAYONAISE @1KG,  10.00 ,Pack," Rp 497,000 "," Rp 49,700 ",SHOPEE,TRANSFER,10-Jun,,,,,,,,
,,,,,,#DIV/0!,,,,,"  202,000 ","  140,000 ","  62,000 ",CASH√  ,,,
352,11/06/26,HEAD LETTUCE,  7.00 ,Kg," Rp 245,000 "," Rp 35,000 ",,,,,,,,,,,
353,11/06/26,JAHE PUTIH,  0.50 ,Kg," Rp 10,000 "," Rp 20,000 ",,,,,BAGJA,"  1,544,000 ",PASAR,,,,
354,11/06/26,KABOCHA ORANGE,  50.00 ,Kg," Rp 1,150,000 "," Rp 23,000 ",,,,,,"  1,633,000 ",TOKO ERNI,,,,
355,11/06/26,KOL PUTIH,  2.00 ,Kg," Rp 20,000 "," Rp 10,000 ",,,,,,"  200,000 ",BENSIN TCL,,,,
356,11/06/26,PLASTIK SEGITIGA (PEPING BAG),  1.00 ,Pack," Rp 12,000 "," Rp 12,000 ",,,,,,"  100,000 ",E-TOLL TCL,,,,
357,11/06/26,TOMAT MERAH,  4.00 ,Kg," Rp 72,000 "," Rp 18,000 ",,,,,,"  252,000 ",TCO,,,,
358,11/06/26,TOMATO BEEF,  1.00 ,Kg," Rp 35,000 "," Rp 35,000 ",,,,,,"  50,000 ",TCL,,,,
359,11/06/26,BAWANG PUTIH BANCI,  19.00 ,Kg," Rp 700,000 "," Rp 36,842 ",TOKO ERNI,BAGJA CASH,,,,"  35,000 ",PARKIR,,,,
360,11/06/26,BAWANG PUTIH KUPAS,  2.00 ,Kg," Rp 78,000 "," Rp 39,000 ",TOKO ERNI,BAGJA CASH,,,,"  35,000 ",KULI,,,,
361,11/06/26,GARAM REFINA @500GR,  120.00 ,Pack," Rp 780,000 "," Rp 6,500 ",TOKO ERNI,BAGJA CASH,,,,"  409,864 ",ONGKIR LALAMOVE KIAT & ONGKIR LALAMOVE DARI INDUK KE DISMA 11JUNI'26,,,,
362,11/06/26,LADA HITAM BUBUK @250GR,  3.00 ,Pack," Rp 75,000 "," Rp 25,000 ",TOKO ERNI,BAGJA CASH,,,,,,,,,
363,11/06/26,KENTANG DIENG AL (1-4 PCS),  5.00 ,Kg," Rp 90,000 "," Rp 18,000 ",SUMINTO,TRANSFER,,,"  3,500,000 ","  4,258,864 ","  -758,864 ",UANG BAGJA√  ,,,
364,11/06/26,BAWANG PUTIH KUPAS,  135.00 ,Kg," Rp 3,915,000 "," Rp 29,000 ",KEVIN,TRANSFER,15-Jun,,,,,,,,
365,11/06/26,CABAI MERAH KERITING PETIK,  575.00 ,Kg," Rp 25,875,000 "," Rp 45,000 ",ALDIANSYAH,TRANSFER,12-Jun,,RIFAI,"  150,000 ",BENSIN,,,,
366,11/06/26,TELUR AYAM NEGERI,  15.00 ,Kg," Rp 355,000 "," Rp 23,667 ",SAFIRA,TRANSFER,11-Jun,,,"  102,000 ",E-TOLL,,,,
367,11/06/26,JAMUR CHAMPIGNON,  15.00 ,Kg," Rp 540,000 "," Rp 36,000 ",DELTAFOOD,TRANSFER,11-Jun,,,"  6,000 ",PARKIR,,,,
368,11/06/26,CIRENG BRECXELLE ISI 20 PCS,  30.00 ,Pack," Rp 450,000 "," Rp 15,000 ",ALFATIH ,TRANSFER,11-Jun,,,,,,,,
369,11/06/26,SUSU SUNBAY EVAPORATED MILK @380 ML,  23.00 ,Can," Rp 372,000 "," Rp 16,174 ",SHOPEE,TRANSFER,11-Jun,,"  252,000 ","  258,000 ","  -6,000 ",UANG RIFAI√  ,,,
370,11/06/26,MILO BUBUK@990GR,  1.00 ,Pack," Rp 101,800 "," Rp 101,800 ",SHOPEE,TRANSFER,11-Jun,,,,,,,,
371,11/06/26,MARGARINE AMANDA@200GR,  10.00 ,Pack," Rp 78,500 "," Rp 7,850 ",SHOPEE,TRANSFER,11-Jun,,HILMAN & SANDI,  - ,,,,,
372,11/06/26,MILO BUBUK@990GR,  1.00 ,Pack," Rp 96,960 "," Rp 96,960 ",SHOPEE,TRANSFER,11-Jun,,,,,,,,
373,11/06/26,KNORR CHICKEN @1KG,  3.00 ,Pack," Rp 340,000 "," Rp 113,333 ",SHOPEE,TRANSFER,11-Jun,,,,,,,,
374,11/06/26,DAGING GILING REGULAR,  22.00 ,Pack," Rp 1,985,500 "," Rp 90,250 ",HIJRAHFOOD,TRANSFER,11-Jun,,"  50,000 ",  - ,"  50,000 ",TRF√  ,,,
,,,,,,#DIV/0!,,,,,,,,,,,
375,12/06/26,DAGING SENGKEL SAPI,  3.00 ,Kg," Rp 450,000 "," Rp 150,000 ",,,,,BAGJA,"  1,113,000 ",PASAR,,,,
376,12/06/26,DAUN PANDAN,  0.50 ,Kg," Rp 5,000 "," Rp 10,000 ",,,,,,"  2,663,000 ",TOKO ERNI,,,,
377,12/06/26,HEAD LETTUCE,  5.00 ,Kg," Rp 175,000 "," Rp 35,000 ",,,,,,"  302,000 ",TCL,,,,
378,12/06/26,JAHE PUTIH,  1.50 ,Kg," Rp 25,000 "," Rp 16,667 ",,,,,,"  202,000 ",TCO,,,,
379,12/06/26,KABOCHA ORANGE,  0.80 ,Kg," Rp 18,000 "," Rp 22,500 ",,,,,,"  100,000 ",BENSIN TCO,,,,
380,12/06/26,TEPUNG DRAGON FLY @1KG,  10.00 ,Pack," Rp 89,000 "," Rp 8,900 ",,,,,,"  32,000 ",PARKIR,,,,
381,12/06/26,TOMAT MERAH,  4.00 ,Kg," Rp 70,000 "," Rp 17,500 ",,,,,,"  35,000 ",KULI,,,,
382,12/06/26,JAMUR CHAMPIGNON,  5.00 ,Kg," Rp 200,000 "," Rp 40,000 ",,,,,,,,,,,
383,12/06/26,BABY PAKCOY,  9.00 ,Kg," Rp 81,000 "," Rp 9,000 ",,,,,"  4,300,000 ","  4,447,000 ","  -147,000 ",UANG BAGJA√  ,,,
384,12/06/26,BAWANG BOMBAY,  19.00 ,Kg," Rp 300,000 "," Rp 15,789 ",TOKO ERNI,BAGJA CASH,,,,,,,,,
385,12/06/26,BAWANG PUTIH KUPAS,  9.50 ,Kg," Rp 370,000 "," Rp 38,947 ",TOKO ERNI,BAGJA CASH,,,,,,,,,
386,12/06/26,DIAMOND UHT MILK PLAIN @1LT,  2.00 ,Pack," Rp 44,000 "," Rp 22,000 ",TOKO ERNI,BAGJA CASH,,,RIFAI,"  150,000 ",BENSIN,,,,
387,12/06/26,GULA BATU PUTIH @500GR,  8.00 ,Kg," Rp 144,000 "," Rp 18,000 ",TOKO ERNI,BAGJA CASH,,,,"  152,000 ",E-TOLL,,,,
388,12/06/26,KECAP ASIN HATI ANGSA @600ML ,  10.00 ,Btl," Rp 220,000 "," Rp 22,000 ",TOKO ERNI,BAGJA CASH,,,,"  6,000 ",PARKIR BLOK M,,,,
389,12/06/26,LADA PUTIH HALUS @250GR,  1.00 ,Pack," Rp 25,000 "," Rp 25,000 ",TOKO ERNI,BAGJA CASH,,,,"  5,000 ",PARKIR MIDAZ,,,,
390,12/06/26,MINYAK SANIA BIB @18LTR,  1.00 ,Ctn," Rp 410,000 "," Rp 410,000 ",TOKO ERNI,BAGJA CASH,,,,,,,,,
391,12/06/26,MINYAK SOVIA BIB @18LTR ,  1.00 ,Ctn," Rp 410,000 "," Rp 410,000 ",TOKO ERNI,BAGJA CASH,,,"  302,000 ","  313,000 ","  -11,000 ",UANG RIFAI√  ,,,
392,12/06/26,ROYCO AYAM @1KG,  1.00 ,Pack," Rp 45,000 "," Rp 45,000 ",TOKO ERNI,BAGJA CASH,,,,,,,,,
393,12/06/26,SUSU KENTAL MANIS CARNATION @370GR,  48.00 ,Can," Rp 555,000 "," Rp 11,563 ",TOKO ERNI,BAGJA CASH,,,PAK IFAN,"  100,000 ",BENSIN,,,,
394,12/06/26,TEPUNG SEGITIGA BIRU @1 KG,  12.00 ,Pack," Rp 140,000 "," Rp 11,667 ",TOKO ERNI,BAGJA CASH,,,,"  102,000 ",E-TOLL,,,,
395,12/06/26,KENTANG DIENG AL (1-4 PCS),  30.00 ,Kg," Rp 540,000 "," Rp 18,000 ",SUMINTO,TRANSFER,,,,,,,,,
396,12/06/26,BAWANG MERAH KUPAS,  8.50 ,Kg," Rp 450,500 "," Rp 53,000 ",KEVIN,TRANSFER,15-Jun,,"  202,000 ","  202,000 ",  - ,,,,
397,12/06/26,BAWANG PUTIH KUPAS,  120.00 ,Kg," Rp 3,600,000 "," Rp 30,000 ",KEVIN,TRANSFER,15-Jun,,,,,,,,
398,12/06/26,CABAI MERAH BESAR,  0.25 ,Kg," Rp 17,500 "," Rp 70,000 ",ALDIANSYAH,TRANSFER,,,,,,,,,
399,12/06/26,CABAI MERAH BESAR PETIK ,  7.00 ,Kg," Rp 525,000 "," Rp 75,000 ",ALDIANSYAH,TRANSFER,,,,,,,,,
400,12/06/26,CABAI MERAH KERITING PETIK,  215.00 ,Kg," Rp 9,675,000 "," Rp 45,000 ",ALDIANSYAH,TRANSFER,15-Jun,,,,,,,,
401,12/06/26,BONELESS PAHA AYAM NO SKIN,  25.00 ,Kg," Rp 1,000,000 "," Rp 40,000 ",LESTARI,TRANSFER,11-Jun,,,,,,,,
402,12/06/26,SAYAP AYAM,  10.00 ,Kg," Rp 290,000 "," Rp 29,000 ",LESTARI,TRANSFER,11-Jun,,,,,,,,
403,12/06/26,BABY BUNCIS,  96.00 ,Kg," Rp 1,824,000 "," Rp 19,000 ",AA ALAN,TRANSFER,,,  4 ,,,,,,
404,12/06/26,JAMUR CHAMPIGNON,  10.00 ,Kg," Rp 360,000 "," Rp 36,000 ",DELTAFOOD,TRANSFER,12-Jun,,,,,,,,
405,12/06/26,TELUR AYAM NEGERI (OMEGA) ,  15.00 ,Kg," Rp 397,500 "," Rp 26,500 ",SAFIRA,TRANSFER,12-Jun,,,,,,,,
406,12/06/26,TAHU WALIK ISI 10 PCS,  30.00 ,Pack," Rp 499,000 "," Rp 16,633 ",SHOPEE,TRANSFER,12-Jun,,,,,,,,
407,12/06/26,SUSU EVAPORASI CARNATION @405GR,  3.00 ,Can," Rp 67,900 "," Rp 22,633 ",SHOPEE,TRANSFER,12-Jun,,,,,,,,
,,,,,,#DIV/0!,,,,,,,,,,,
408,13/06/26,BASIL,  1.25 ,Kg," Rp 87,000 "," Rp 69,600 ",,,,,BAGJA,"  1,510,800 ",PASAR,,,,
409,13/06/26,BAWANG BOMBAY MERAH,  1.00 ,Kg," Rp 30,000 "," Rp 30,000 ",,,,,,"  731,000 ",TOKO ERNI,,,,
410,13/06/26,BAWANG MERAH BESAR,  2.00 ,Kg," Rp 100,000 "," Rp 50,000 ",,,,,,"  30,000 ",BENSIN MOTOR BAGJA,,,,
411,13/06/26,BERAS PANDAN WANGI @5KG,  1.00 ,Krg," Rp 105,000 "," Rp 105,000 ",,,,,,"  302,000 ",TCO,,,,
412,13/06/26,HEAD LETTUCE,  19.00 ,Kg," Rp 665,000 "," Rp 35,000 ",,,,,,"  254,000 ",TCL,,,,
413,13/06/26,JAHE PUTIH,  1.00 ,Kg," Rp 15,000 "," Rp 15,000 ",,,,,,"  30,000 ",KULI,,,,
414,13/06/26,JERUK NIPIS,  1.00 ,Kg," Rp 15,000 "," Rp 15,000 ",,,,,,"  15,000 ",PARKIR,,,,
415,13/06/26,KANTONG PLASTIK PUTIH SIZE 35,  3.00 ,Pack," Rp 66,000 "," Rp 22,000 ",,,,,,"  400,000 ",LALAMOVE INDUK KE DISMA,,,,
416,13/06/26,KOL PUTIH ,  2.00 ,Kg," Rp 20,000 "," Rp 10,000 ",,,,,,,,,,,
417,13/06/26,LEMON LOKAL CALIFORNIA,  3.00 ,Kg," Rp 90,000 "," Rp 30,000 ",,,,,"  2,500,000 ","  3,272,800 ","  -772,800 ",UANG BAGJA√  ,,,
418,13/06/26,LENGKOAS,  1.00 ,Kg," Rp 10,000 "," Rp 10,000 ",,,,,,,,,,,
419,13/06/26,PAKCOY,  3.00 ,Kg," Rp 30,000 "," Rp 10,000 ",,,,,RIFAI,"  150,000 ",BENSIN,,,,
420,13/06/26,PLASTIK SEGITIGA (PEPING BAG),  2.00 ,Pack," Rp 20,000 "," Rp 10,000 ",,,,,,"  152,000 ",E-TOLL,,,,
421,13/06/26,PLASTIK SAMPAH HITAM HD 60X100 ,  2.00 ,Pack," Rp 22,000 "," Rp 11,000 ",,,,,,"  50,000 ",BENSIN,,,,
422,13/06/26,PLASTIK SAMPAH HITAM HD 90X120 ,  2.00 ,Pack," Rp 22,000 "," Rp 11,000 ",,,,,,"  6,000 ",PARKIR,,,,
423,13/06/26,STELLA SPRAY PARFUM @400 ML ,  1.00 ,Pcs," Rp 34,800 "," Rp 34,800 ",,,,,,,,,,,
424,13/06/26,THINWALL SAUCE CUP 25ML,  5.00 ,Pack," Rp 55,000 "," Rp 11,000 ",,,,,"302,000 DARI BAGJA",,,,,,
425,13/06/26,THINWALL SAUCE CUP 35ML ,  3.00 ,Pack," Rp 42,000 "," Rp 14,000 ",,,,,"52,000 TRF KANTOR",,,,,,
426,13/06/26,TIMUN,  1.00 ,Kg," Rp 10,000 "," Rp 10,000 ",,,,,"  352,000 ","  358,000 ","  -6,000 ",UANG RIFAI√  ,,,
427,13/06/26,TOMAT MERAH,  3.00 ,Kg," Rp 54,000 "," Rp 18,000 ",,,,,,,,,,,
428,13/06/26,WORTEL BERASTAGI,  1.50 ,Kg," Rp 18,000 "," Rp 12,000 ",,,,,,,,,,,
429,13/06/26,BAWANG BOMBAY,  38.00 ,Kg," Rp 600,000 "," Rp 15,789 ",TOKO ERNI,BAGJA CASH,,,PAK IFAN,"  100,000 ",BENSIN,,,,
430,13/06/26,CABAI MERAH KERING BESAR,  0.50 ,Kg," Rp 45,000 "," Rp 90,000 ",TOKO ERNI,BAGJA CASH,,,,"  154,000 ",E-TOLL,,,,
431,13/06/26,KECAP ASIN HATI ANGSA @600ML,  1.00 ,Btl," Rp 22,000 "," Rp 22,000 ",TOKO ERNI,BAGJA CASH,,,,"  25,000 ","BAWANG PUTIH KUPAS 0,7 KG",,,,
432,13/06/26,KETUMBAR UTUH,  0.50 ,Kg," Rp 15,000 "," Rp 30,000 ",TOKO ERNI,BAGJA CASH,,,,"  15,000 ",GOJEK DARI PASAR KE KIAT,,,,
433,13/06/26,SASA TEPUNG SEBAGUNA @210GR,  1.00 ,Pack," Rp 7,000 "," Rp 7,000 ",TOKO ERNI,BAGJA CASH,,,,,,,,,
434,13/06/26,TEPUNG CAKRA KEMBAR @1KG,  3.00 ,Pack," Rp 42,000 "," Rp 14,000 ",TOKO ERNI,BAGJA CASH,,,"254,000 DARI BAGJA",,,,,,
435,13/06/26,KENTANG DIENG AL (1-4 PCS),  55.00 ,Kg," Rp 990,000 "," Rp 18,000 ",SUMINTO,TRANSFER,,,"200,000 TRF KANTOR",,,,,,
436,13/06/26,BAWANG PUTIH KUPAS,  120.00 ,Kg," Rp 3,600,000 "," Rp 30,000 ",KEVIN,TRANSFER,15-Jun,,"  454,000 ","  294,000 ","  160,000 ",TRF√  ,,,
437,13/06/26,CABAI MERAH KERITING PETIK,  195.00 ,Kg," Rp 8,775,000 "," Rp 45,000 ",ALDIANSYAH,TRANSFER,15-Jun,,,,,,,,
438,13/06/26,DAUN BAWANG,  80.00 ,Kg," Rp 960,000 "," Rp 12,000 ",AA DADI,TRANSFER,15-Jun,,,,,,,,
439,13/06/26,JAMUR CHAMPIGNON,  15.50 ,Kg," Rp 558,000 "," Rp 36,000 ",DELTAFOOD,TRANSFER,13-Jun,,,,,,,,
440,13/06/26,BAWANG PUTIH KUPAS,  0.70 ,Kg," Rp 25,000 "," Rp 35,714 ",PASAR,PAK IFAN CASH,,,,,,,,,
,,,,,,#DIV/0!,,,,,,,,,,,
441,15/06/26,BABY PAKCOY,  7.00 ,Kg," Rp 56,000 "," Rp 8,000 ",,,,,BAGJA,"  3,562,200 ",PASAR,,,,
442,15/06/26,BABY ROMAIN LETTUCE,  0.50 ,Kg," Rp 15,000 "," Rp 30,000 ",,,,,,"  3,479,000 ",TOKO ERNI,,,,
443,15/06/26,BAWANG MERAH KUPAS,  8.00 ,Kg," Rp 384,000 "," Rp 48,000 ",,,,,,"  31,000 ",PARKIR,,,,
444,15/06/26,BERAS PANDAN WANGI @5KG,  1.00 ,Krg," Rp 105,000 "," Rp 105,000 ",,,,,,"  30,000 ",KULI,,,,
445,15/06/26,BONELESS PAHA AYAM NO SKIN,  4.00 ,Kg," Rp 180,000 "," Rp 45,000 ",,,,,,"  100,000 ",BENSIN TCL,,,,
446,15/06/26,BROKOLI,  3.00 ,Kg," Rp 105,000 "," Rp 35,000 ",,,,,,"  302,000 ",TCO,,,,
447,15/06/26,BUNCIS BESAR,  2.00 ,Kg," Rp 30,000 "," Rp 15,000 ",,,,,,"  50,000 ",BENSIN  MOTOR,,,,
448,15/06/26,CHEESE CHEDDAR KRAFT @2KG,  1.00 ,Pack," Rp 220,000 "," Rp 220,000 ",,,,,,,,,,,
449,15/06/26,DAGING SENGKEL SAPI,  4.00 ,Kg," Rp 600,000 "," Rp 150,000 ",,,,,"  7,000,000 ","  7,554,200 ","  -554,200 ",UANG BAGJA√  ,,,
450,15/06/26,DAUN JERUK,  1.00 ,Kg," Rp 60,000 "," Rp 60,000 ",,,,,,,,,,,
451,15/06/26,DAUN KUNYIT,  1.00 ,Kg," Rp 25,000 "," Rp 25,000 ",,,,,,,,,,,
452,15/06/26,DAUN SALAM,  1.00 ,Kg," Rp 10,000 "," Rp 10,000 ",,,,,RIFAI,"  200,000 ",BENSIN,,,,
453,15/06/26,DAUN SELEDRI LOKAL ,  1.00 ,Kg," Rp 30,000 "," Rp 30,000 ",,,,,,"  102,000 ",E-TOLL,,,,
454,15/06/26,HEAD LETTUCE,  0.50 ,Kg," Rp 18,000 "," Rp 36,000 ",,,,,,"  6,000 ",PARKIR,,,,
455,15/06/26,JENGKOL TUA,  2.00 ,Kg," Rp 120,000 "," Rp 60,000 ",,,,,,,,,,,
456,15/06/26,KACANG PANJANG,  7.00 ,Kg," Rp 70,000 "," Rp 10,000 ",,,,,"  302,000 ","  308,000 ","  -6,000 ",UANG RIFAI√  ,,,
457,15/06/26,KANTONG PLASTIK PUTIH SIZE 35,  5.00 ,Pack," Rp 108,000 "," Rp 21,600 ",,,,,,,,,,,
458,15/06/26,KANTONG PLASTIK PUTIH UK 17,  1.00 ,Pack," Rp 22,000 "," Rp 22,000 ",,,,,,,,,,,
459,15/06/26,KEMBANG KOL,  3.00 ,Kg," Rp 75,000 "," Rp 25,000 ",,,,,,,,,,,
460,15/06/26,KOL PUTIH,  17.00 ,Kg," Rp 170,000 "," Rp 10,000 ",,,,,BAGUS,"  59,000 ",SKIPPY CREAMY 1 PCS,,,,
461,15/06/26,LEMON IMPORT,  0.50 ,Kg," Rp 25,000 "," Rp 50,000 ",,,,,,,,,,,
462,15/06/26,LEMON LOKAL CALIFORNIA,  1.00 ,Kg," Rp 35,000 "," Rp 35,000 ",,,,,,,,,,,
463,15/06/26,LOBAK,  1.00 ,Kg," Rp 10,000 "," Rp 10,000 ",,,,,,,,,,,
464,15/06/26,PARE HIJAU,  2.00 ,Kg," Rp 20,000 "," Rp 10,000 ",,,,,  - ,"  59,000 ","  -59,000 ",UANG BAGUS√  ,,,
465,15/06/26,PARSLEY BASAH,  1.30 ,Kg," Rp 52,000 "," Rp 40,000 ",,,,,,,,,,,
466,15/06/26,PEPING BAG ,  1.00 ,Kg," Rp 10,000 "," Rp 10,000 ",,,,,,,,,,,
467,15/06/26,PETAI BESAR,  30.00 ,Pcs," Rp 180,000 "," Rp 6,000 ",,,,,,,,,,,
468,15/06/26,PLASTIK TOMAT 15x30 (1Kg),  5.00 ,Pack," Rp 60,000 "," Rp 12,000 ",,,,,,,,,,,
469,15/06/26,PLASTIK WRAPPING MAKANAN UK 40x500CM ,  1.00 ,Roll," Rp 185,000 "," Rp 185,000 ",,,,,,,,,,,
470,15/06/26,SANREMO SPAGHETTI @500GR,  3.00 ,Pack," Rp 75,000 "," Rp 25,000 ",,,,,,,,,,,
471,15/06/26,SELADA AIR,  1.00 ,Kg," Rp 15,000 "," Rp 15,000 ",,,,,,,,,,,
472,15/06/26,SEREH,  2.00 ,Kg," Rp 26,000 "," Rp 13,000 ",,,,,,,,,,,
473,15/06/26,SPONS ,  4.00 ,Pcs," Rp 34,800 "," Rp 8,700 ",,,,,,,,,,,
474,15/06/26,STEEL WOOL,  4.00 ,Pcs," Rp 32,400 "," Rp 8,100 ",,,,,,,,,,,
475,15/06/26,TERONG UNGU,  5.00 ,Kg," Rp 50,000 "," Rp 10,000 ",,,,,,,,,,,
476,15/06/26,THYME FRESH,  0.10 ,Kg," Rp 24,000 "," Rp 240,000 ",,,,,,,,,,,
477,15/06/26,TOMAT HIJAU,  3.00 ,Kg," Rp 36,000 "," Rp 12,000 ",,,,,,,,,,,
478,15/06/26,TOMAT MERAH,  3.00 ,Kg," Rp 54,000 "," Rp 18,000 ",,,,,,,,,,,
479,15/06/26,WORTEL BERASTAGI,  9.00 ,Kg," Rp 180,000 "," Rp 20,000 ",,,,,,,,,,,
480,15/06/26,DAUN BAWANG,  3.50 ,Kg," Rp 55,000 "," Rp 15,714 ",,,,,,,,,,,
481,15/06/26,AJINOMOTO @250GR,  1.00 ,Pack," Rp 24,000 "," Rp 24,000 ",TOKO ERNI,BAGJA CASH,,,,,,,,,
482,15/06/26,BAWANG BOMBAY,  38.00 ,Kg," Rp 640,000 "," Rp 16,842 ",TOKO ERNI,BAGJA CASH,,,,,,,,,
483,15/06/26,BAWANG PUTIH BUBUK,  0.50 ,Kg," Rp 35,000 "," Rp 70,000 ",TOKO ERNI,BAGJA CASH,,,,,,,,,
484,15/06/26,BAWANG PUTIH KUPAS ,  9.50 ,Kg," Rp 370,000 "," Rp 38,947 ",TOKO ERNI,BAGJA CASH,,,,,,,,,
485,15/06/26,CUKA DIXIE @650ML,  1.00 ,Btl," Rp 17,000 "," Rp 17,000 ",TOKO ERNI,BAGJA CASH,,,,,,,,,
486,15/06/26,DELMONTE CHILI EXTRA HOT SACHET @8GR @24 PCS,  60.00 ,Pack," Rp 435,000 "," Rp 7,250 ",TOKO ERNI,BAGJA CASH,,,,,,,,,
487,15/06/26,DELMONTE SAUCE SAMBAL @5.5KG ,  1.00 ,Jrg," Rp 125,000 "," Rp 125,000 ",TOKO ERNI,BAGJA CASH,,,,,,,,,
488,15/06/26,DELMONTE TOMAT SACHET @8GR ISI 24 PCS,  10.00 ,Pack," Rp 70,000 "," Rp 7,000 ",TOKO ERNI,BAGJA CASH,,,,,,,,,
489,15/06/26,GARAM KASAR ISI 10 PACK,  1.00 ,Ball," Rp 55,000 "," Rp 55,000 ",TOKO ERNI,BAGJA CASH,,,,,,,,,
490,15/06/26,GARAM REFINA @500GR,  20.00 ,Pack," Rp 130,000 "," Rp 6,500 ",TOKO ERNI,BAGJA CASH,,,,,,,,,
491,15/06/26,GARAM DOLPHIN @500GR,  20.00 ,Pack," Rp 205,000 "," Rp 10,250 ",TOKO ERNI,BAGJA CASH,,,,,,,,,
492,15/06/26,GULA BATU PUTIH @500GR,  3.00 ,Pack," Rp 54,000 "," Rp 18,000 ",TOKO ERNI,BAGJA CASH,,,,,,,,,
493,15/06/26,GULA MERAH BUBUK @250GR,  2.00 ,Pack," Rp 36,000 "," Rp 18,000 ",TOKO ERNI,BAGJA CASH,,,,,,,,,
494,15/06/26,KOEPOE2 PARSLEY @9GR ,  1.00 ,Btl," Rp 15,000 "," Rp 15,000 ",TOKO ERNI,BAGJA CASH,,,,,,,,,
495,15/06/26,LADA PUTIH HALUS @250GR,  5.00 ,Pack," Rp 125,000 "," Rp 25,000 ",TOKO ERNI,BAGJA CASH,,,,,,,,,
496,15/06/26,MAIZENAKU @1 KG,  2.00 ,Pack," Rp 44,000 "," Rp 22,000 ",TOKO ERNI,BAGJA CASH,,,,,,,,,
497,15/06/26,MINYAK SOVIA @18LTR,  1.00 ,Ctn," Rp 410,000 "," Rp 410,000 ",TOKO ERNI,BAGJA CASH,,,,,,,,,
498,15/06/26,OREGANO DRY,  1.00 ,Kg," Rp 220,000 "," Rp 220,000 ",TOKO ERNI,BAGJA CASH,,,,,,,,,
499,15/06/26,ROYCO AYAM @1KG,  1.00 ,Pack," Rp 45,000 "," Rp 45,000 ",TOKO ERNI,BAGJA CASH,,,,,,,,,
500,15/06/26,ROYCO SAPI @1 KG,  1.00 ,Pack," Rp 45,000 "," Rp 45,000 ",TOKO ERNI,BAGJA CASH,,,,,,,,,
501,15/06/26,SASA MSG @1KG,  2.00 ,Pack," Rp 94,000 "," Rp 47,000 ",TOKO ERNI,BAGJA CASH,,,,,,,,,
502,15/06/26,TABASCO @60ML,  2.00 ,Btl," Rp 120,000 "," Rp 60,000 ",TOKO ERNI,BAGJA CASH,,,,,,,,,
503,15/06/26,TEPUNG ROTI PUTIH,  1.00 ,Kg," Rp 25,000 "," Rp 25,000 ",TOKO ERNI,BAGJA CASH,,,,,,,,,
504,15/06/26,TEPUNG SEGITIGA BIRU @1 KG,  12.00 ,Pack," Rp 140,000 "," Rp 11,667 ",TOKO ERNI,BAGJA CASH,,,,,,,,,
505,15/06/26,KENTANG DIENG AL (1-4 PCS),  15.00 ,Kg," Rp 240,000 "," Rp 16,000 ",SUMINTO,TRANSFER,,,,,,,,,
506,15/06/26,CABAI HIJAU BESAR,  20.00 ,Kg," Rp 600,000 "," Rp 30,000 ",ALDIANSYAH,TRANSFER,,,,,,,,,
507,15/06/26,CABAI MERAH BESAR,  10.00 ,Kg," Rp 650,000 "," Rp 65,000 ",ALDIANSYAH,TRANSFER,,,,,,,,,
508,15/06/26,CABAI MERAH KERITING PETIK ,  10.00 ,Kg," Rp 500,000 "," Rp 50,000 ",ALDIANSYAH,TRANSFER,,,,,,,,,
509,15/06/26,CABAI RAWIT HIJAU,  1.00 ,Kg," Rp 50,000 "," Rp 50,000 ",ALDIANSYAH,TRANSFER,,,,,,,,,
510,15/06/26,CABAI RAWIT MERAH,  2.20 ,Kg," Rp 143,000 "," Rp 65,000 ",ALDIANSYAH,TRANSFER,,,,,,,,,
511,15/06/26,CABAI RAWIT MERAH PETIK,  5.00 ,Kg," Rp 375,000 "," Rp 75,000 ",ALDIANSYAH,TRANSFER,,,,,,,,,
512,15/06/26,JAMUR CHAMPIGNON,  27.50 ,Kg," Rp 990,000 "," Rp 36,000 ",DELTAFOOD,TRANSFER,15-Jun,,,,,,,,
513,15/06/26,TISSUE PLENTY KITCHEN TOWEL ROLLS @2PCS,  24.00 ,Pack," Rp 327,200 "," Rp 13,633 ",SHOPEE,TRANSFER,15-Jun,,,,,,,,
514,15/06/26,MINYAK VIPCO @1LTR,  12.00 ,Pack," Rp 281,595 "," Rp 23,466 ",SHOPEE,TRANSFER,15-Jun,,,,,,,,
515,15/06/26,MAMASUKA MAYONAISE @1KG,  20.00 ,Pack," Rp 1,103,000 "," Rp 55,150 ",SHOPEE,TRANSFER,15-Jun,,,,,,,,
516,15/06/26,PAPERPLATE DETPACK@50 PCS,  10.00 ,Pack," Rp 440,525 "," Rp 44,053 ",SHOPEE,TRANSFER,15-Jun,,,,,,,,
517,15/06/26,CONDY LEMON CONCENTRATE @200ML,  4.00 ,Pack," Rp 89,500 "," Rp 22,375 ",SHOPEE,TRANSFER,15-Jun,,,,,,,,
518,15/06/26,SARUNG TANGAN HITAM SHAMROCK @50PCS,  10.00 ,Pack," Rp 593,000 "," Rp 59,300 ",SHOPEE,TRANSFER,15-Jun,,,,,,,,
519,15/06/26,STRUK THERMAL 58X48,  20.00 ,Roll," Rp 84,100 "," Rp 4,205 ",SHOPEE,TRANSFER,15-Jun,,,,,,,,
520,15/06/26,A&W SODA SARSAPILA@250 ML ISI 24 CAN,  1.00 ,Ctn," Rp 125,164 "," Rp 125,164 ",SHOPEE,TRANSFER,15-Jun,,,,,,,,
521,15/06/26,COCA-COLA ORIGINAL @330ML ISI 24CAN,  1.00 ,Ctn," Rp 177,300 "," Rp 177,300 ",SHOPEE,TRANSFER,15-Jun,,,,,,,,
522,15/06/26,KENTANG AVIKO SHOESTRING @2.5KG,  7.00 ,Pack," Rp 520,040 "," Rp 74,291 ",SHOPEE,TRANSFER,15-Jun,,,,,,,,
523,15/06/26,KENTANG AVIKO SHOESTRING @2.5KG,  8.00 ,Pack," Rp 612,000 "," Rp 76,500 ",SHOPEE,TRANSFER,15-Jun,,,,,,,,
524,15/06/26,TAHU WALIK ISI 10 PCS,  30.00 ,Pack," Rp 499,000 "," Rp 16,633 ",SHOPEE,TRANSFER,15-Jun,,,,,,,,
525,15/06/26,SKIPPY CREAMY PEANUT BUTTER @500 GR,  1.00 ,Pack," Rp 59,000 "," Rp 59,000 ",BAKING LAND,BAGUS CASH,,,,,,,,,
,,,,,,#DIV/0!,,,,,,,,,,,
526,16/06/26,CABAI RAWIT MERAH,  0.25 ,Kg," Rp 17,000 "," Rp 68,000 ",,,,,BAGJA,"  941,000 ",PASAR,,,,
527,16/06/26,DAUN BAWANG,  0.50 ,Kg," Rp 9,000 "," Rp 18,000 ",,,,,,"  436,000 ",TOKO ERNI,,,,
528,16/06/26,DAUN KARI,  0.50 ,Kg," Rp 15,000 "," Rp 30,000 ",,,,,,"  100,000 ",BENSIN TCO,,,,
529,16/06/26,HEAD LETTUCE,  2.00 ,Kg," Rp 70,000 "," Rp 35,000 ",,,,,,"  35,000 ",BENSIN  MOTOR,,,,
530,16/06/26,JERUK SUNKIST,  4.00 ,Kg," Rp 140,000 "," Rp 35,000 ",,,,,,"  202,000 ",TCO,,,,
531,16/06/26,KANTONG PLASTIK PUTIH SIZE 35,  2.00 ,Pack," Rp 43,200 "," Rp 21,600 ",,,,,,"  30,000 ",PARKIR,,,,
532,16/06/26,KANTONG PLASTIK PUTIH UK 40 @500GR ,  9.00 ,Pack," Rp 194,800 "," Rp 21,644 ",,,,,,,,,,,
533,16/06/26,PLASTIK SEGITIGA (PEPING BAG),  1.00 ,Pack," Rp 10,000 "," Rp 10,000 ",,,,,"  1,500,000 ","  1,744,000 ","  -244,000 ",UANG BAGJA√  ,,,
534,16/06/26,PLASTIK KLIP 20X12 @100PCS,  10.00 ,Pack," Rp 125,000 "," Rp 12,500 ",,,,,,,,,,,
535,16/06/26,PLASTIK KLIP 30X20 @100PCS,  3.00 ,Pack," Rp 150,000 "," Rp 50,000 ",,,,,RIFAI,"  100,000 ",BENSIN,,,,
536,16/06/26,ROSEMARY FRESH ,  0.10 ,Kg," Rp 30,000 "," Rp 300,000 ",,,,,,"  102,000 ",E-TOLL,,,,
537,16/06/26,SELADA AIR,  1.00 ,Kg," Rp 25,000 "," Rp 25,000 ",,,,,,"  22,000 ",E-TOLL,,,,
538,16/06/26,SEMANGKA MERAH,  5.10 ,Kg," Rp 55,000 "," Rp 10,784 ",,,,,,"  6,000 ",PARKIR,,,,
539,16/06/26,STRAWBERRY @250GR,  4.00 ,Pack," Rp 48,000 "," Rp 12,000 ",,,,,,,,,,,
540,16/06/26,TOMAT MERAH,  0.50 ,Kg," Rp 9,000 "," Rp 18,000 ",,,,,"202,000 DARI BAGJA",,,,,,
541,16/06/26,BAWANG BOMBAY,  19.00 ,Kg," Rp 320,000 "," Rp 16,842 ",TOKO ERNI,BAGJA CASH,,,"22,000 TRF KANTOR",,,,,,
542,16/06/26,BAWANG PUTIH KUPAS ,  0.25 ,Kg," Rp 10,000 "," Rp 40,000 ",TOKO ERNI,BAGJA CASH,,,"  224,000 ","  230,000 ","  -6,000 ",UANG RIFAI√  ,,,
543,16/06/26,BIJI PALA (NUTMEG),  0.50 ,Kg," Rp 85,000 "," Rp 170,000 ",TOKO ERNI,BAGJA CASH,,,,,,,,,
544,16/06/26,DELMONTE TOMAT SACHET @8GR ISI 24 PCS ,  3.00 ,Pack," Rp 21,000 "," Rp 7,000 ",TOKO ERNI,BAGJA CASH,,,,,,,,,
545,16/06/26,KENTANG DIENG AL (1-4 PCS),  3.00 ,Kg," Rp 48,000 "," Rp 16,000 ",SUMINTO,TRANSFER,,,,,,,,,
546,16/06/26,JAMUR CHAMPIGNON,  19.00 ,Kg," Rp 684,000 "," Rp 36,000 ",DELTAFOOD,TRANSFER,16-Jun,,,,,,,,
547,16/06/26,BONELESS PAHA AYAM NO SKIN,  35.00 ,Kg," Rp 1,435,000 "," Rp 41,000 ",LESTARI,TRANSFER,15-Jun,,,,,,,,
548,16/06/26,BABY BUNCIS,  90.00 ,Kg," Rp 2,160,000 "," Rp 24,000 ",AA UTOM,TRANSFER,,,,,,,,,
549,16/06/26,GRAPESEED OIL BORGES @1LTR,  6.00 ,Btl," Rp 835,060 "," Rp 139,177 ",SHOPEE,TRANSFER,16-Jun,,,,,,,,
550,16/06/26,SOSIS KIMBO ISI 25 PCS,  12.00 ,Pack," Rp 396,000 "," Rp 33,000 ",ALFATIH ,TRANSFER,16-Jun,,,,,,,,
551,16/06/26,CIRENG BRECXELLE ISI 20 PCS,  30.00 ,Pack," Rp 450,000 "," Rp 15,000 ",ALFATIH ,TRANSFER,16-Jun,,,,,,,,
552,16/06/26,BAKSO DAGING SAPI WARISAN @50PCS,  10.00 ,Pack," Rp 320,000 "," Rp 32,000 ",ALFATIH ,TRANSFER,16-Jun,,,,,,,,
,,,,,,#DIV/0!,,,,,,,,,,,
553,17/06/26,BASIL,  2.00 ,Kg," Rp 140,000 "," Rp 70,000 ",,,,,BAGJA,"  980,000 ",PASAR,,,,
554,17/06/26,BAWANG MERAH KUPAS,  10.00 ,Kg," Rp 450,000 "," Rp 45,000 ",,,,,,"  1,342,000 ",TOKO ERNI,,,,
555,17/06/26,DAGING SENGKEL SAPI,  2.00 ,Kg," Rp 300,000 "," Rp 150,000 ",,,,,,"  32,000 ",PARKIR,,,,
556,17/06/26,DAUN BAWANG,  3.00 ,Kg," Rp 45,000 "," Rp 15,000 ",,,,,,"  30,000 ",BENSIN  MOTOR,,,,
557,17/06/26,KULIT AYAM,  1.00 ,Kg," Rp 30,000 "," Rp 30,000 ",,,,,,"  252,000 ",TCO,,,,
558,17/06/26,POPOHAN,  1.00 ,Kg," Rp 15,000 "," Rp 15,000 ",,,,,,"  35,000 ",MOTOR,,,,
559,17/06/26,BAKING POWDER @45GR KOEPOE2,  6.00 ,Btl," Rp 40,000 "," Rp 6,667 ",TOKO ERNI,BAGJA CASH,,,,,,,,,
560,17/06/26,BAWANG BOMBAY,  19.00 ,Kg," Rp 320,000 "," Rp 16,842 ",TOKO ERNI,BAGJA CASH,,,"  2,500,000 ","  2,671,000 ","  -171,000 ",UANG BAGJA√  ,,,
561,17/06/26,BAWANG PUTIH KUPAS,  10.00 ,Kg," Rp 380,000 "," Rp 38,000 ",TOKO ERNI,BAGJA CASH,,,,,,,,,
562,17/06/26,GULAKU @1 KG,  24.00 ,Pack," Rp 475,000 "," Rp 19,792 ",TOKO ERNI,BAGJA CASH,,,RIFAI,"  150,000 ",BENSIN,,,,
563,17/06/26,KACANG MEDE,  0.75 ,Kg," Rp 120,000 "," Rp 160,000 ",TOKO ERNI,BAGJA CASH,,,,"  102,000 ",E-TOLL,,,,
564,17/06/26,GULA PUTIH HALUS @250GR,  1.00 ,Pack," Rp 7,000 "," Rp 7,000 ",TOKO ERNI,BAGJA CASH,,,,,,,,,
565,17/06/26,KENTANG DIENG AL (1-4 PCS),  3.00 ,Kg," Rp 48,000 "," Rp 16,000 ",SUMINTO,TRANSFER,,,"  252,000 ","  252,000 ",  - ,,,,
566,17/06/26,CABAI MERAH BESAR PETIK,  10.00 ,Kg," Rp 700,000 "," Rp 70,000 ",ALDIANSYAH,TRANSFER,,,,,,,,,
,,,,,,#DIV/0!,,,,,,,,,,,
,,,,,,,,,,,,,,,,,
,,,,,,,,,,,,,,,,,
,,,"  9,903.88 ",,"  334,414,280.00 "," Rp 33,766 ",,,,,,,,,,,
,,,,,,,,,,,,,,,,,
,,,,,,,,,,,,,,,,,
,,,,,,,,,,,,,,,,,
,,,,,,,,,,,,,,,,,
,,,,,,,,,,,,,,,,,
,,,,,,,,,,,,,,,,,
,,,,,,,,,,,,,,,,,
,,,,,, ,,,,,,,,,,,
,,,,,,,,,,,,,,,,,
,,,,,,,,,,,,,,,,,
,,,,,,,,,,,,,,,,,
,,,,,,,,,,,,,,,,,
,,,,,,,,,,,,,,,,,
,,,,,,,,,,,,,,,,,
,,,,,,,,,,,,,,,,,
,,,,,`,,,,,,,,,,,,